http://amj.sagepub.com/; Asian and Pacific Migration Journal
http://cba.sagepub.com/;A Current Bibliography on African Affairs
http://aip.sagepub.com/;AADE in Practice
http://aax.sagepub.com/;Abstracts in Anthropology
http://apc.sagepub.com/;Academic Pathology
http://ach.sagepub.com/;Accounting History: Journal of the Accounting History Special Interest Group of the Accounting and Finance Association of                                           Australia and New Zealand
http://acr.sagepub.com/;Acta Radiologica
http://arr.sagepub.com/;Acta Radiologica Open
http://asj.sagepub.com/;Acta Sociologica
http://arj.sagepub.com/;Action Research
http://alh.sagepub.com/;Active Learning in Higher Education
http://adb.sagepub.com/;Adaptive Behavior: Animals, Animats, Software Agents, Robots, Adaptive Systems
http://aas.sagepub.com/;"Administration &amp; Society"
http://asq.sagepub.com/;Administrative Science Quarterly
http://aaf.sagepub.com/;"Adoption &amp; Fostering"
http://aeq.sagepub.com/;Adult Education Quarterly: A Journal of Research and Theory
http://alx.sagepub.com/;Adult Learning
http://adr.sagepub.com/;Advances in Dental Research
http://adh.sagepub.com/;Advances in Developing Human Resources
http://ade.sagepub.com/;Advances in Mechanical Engineering
http://ero.sagepub.com/;AERA Open
http://aff.sagepub.com/;Affilia: Journal of Women and Social Work
http://ags.sagepub.com/;Agrarian South: Journal of Political Economy 
http://alt.sagepub.com/;Alternatives: Global, Local, Political
http://abs.sagepub.com/;American Behavioral Scientist
http://aer.sagepub.com/;American Educational Research Journal
http://aja.sagepub.com/;"American Journal of Alzheimer's Disease &amp; Other Dementias®"
http://aje.sagepub.com/;American Journal of Evaluation
http://ajh.sagepub.com/;American Journal of Hospice and Palliative Medicine®
http://jlm.sagepub.com/;"American Journal of Law &amp; Medicine "
http://ajl.sagepub.com/;American Journal of Lifestyle Medicine
http://ajm.sagepub.com/;American Journal of Medical Quality
http://jmh.sagepub.com/;American Journal of Men's Health
http://ajs.sagepub.com/;The American Journal of Sports Medicine
http://apr.sagepub.com/;American Politics Research
http://arp.sagepub.com/;The American Review of Public Administration
http://asr.sagepub.com/;American Sociological Review
http://ang.sagepub.com/;Angiology: The Journal of Vascular Diseases
http://anm.sagepub.com/;Animation: An Interdisciplinary Journal
http://acb.sagepub.com/;Annals of Clinical Biochemistry: An international journal of biochemistry and laboratory medicine
http://aor.sagepub.com/;"Annals of Otology, Rhinology &amp; Laryngology"
http://aop.sagepub.com/;Annals of Pharmacotherapy
http://ann.sagepub.com/;The ANNALS of the American Academy of Political and Social Science
http://ani.sagepub.com/;Annals of the ICRP
http://anr.sagepub.com/;The Anthropocene Review
http://ant.sagepub.com/;Anthropological Theory
http://abx.sagepub.com/;The Antitrust Bulletin
http://avc.sagepub.com/;Antiviral Chemistry and Chemotherapy
http://apm.sagepub.com/;Applied Psychological Measurement
http://afs.sagepub.com/;"Armed Forces &amp; Society"
http://ahh.sagepub.com/;Arts and Humanities in Higher Education: An International Journal of Theory, Research and Practice
http://apj.sagepub.com/;Asia Pacific Journal of Human Resources
http://ame.sagepub.com/;Asia Pacific Media Educator
http://abr.sagepub.com/;Asia-Pacific Journal of Management Research and Innovation
http://aph.sagepub.com/;Asia-Pacific Journal of Public Health
http://aan.sagepub.com/;Asian Cardiovascular and Thoracic Annals
http://ale.sagepub.com/;Asian Journal of Legal Education
http://ajc.sagepub.com/;Asian Journal of Management Cases
http://apn.sagepub.com/;Asian/Pacific Island Nursing Journal
http://asn.sagepub.com/;ASN Neuro
http://asm.sagepub.com/;Assessment
http://aei.sagepub.com/;Assessment for Effective Intervention
http://apy.sagepub.com/;Australasian Psychiatry
http://anj.sagepub.com/;"Australian &amp; New Zealand Journal of Criminology"
http://anp.sagepub.com/;"Australian &amp; New Zealand Journal of Psychiatry"
http://acd.sagepub.com/;Australian Journal of Career Development
http://aed.sagepub.com/;Australian Journal of Education 
http://aum.sagepub.com/;Australian Journal of Management
http://aut.sagepub.com/;Autism: The International Journal of Research and Practice
http://bmo.sagepub.com/;Behavior Modification: (formerly Behavior Modification Quarterly)
http://bcn.sagepub.com/;Behavioral and Cognitive Neuroscience Reviews
http://tbt.sagepub.com/;The Bible Translator
http://btb.sagepub.com/;Biblical Theology Bulletin: Journal of Bible and Culture
http://bds.sagepub.com/;"Big Data &amp; Society"
http://brn.sagepub.com/;Biological Research For Nursing: Integrating Biobehavioral Research into Health Care
http://bio.sagepub.com/;BioScope: South Asian Screen Studies
http://bod.sagepub.com/;"Body &amp; Society"
http://dvd.sagepub.com/;"The British Journal of Diabetes &amp; Vascular Disease"
http://bjo.sagepub.com/;British Journal of Occupational Therapy
http://bjp.sagepub.com/;British Journal of Pain
http://jvi.sagepub.com/;British Journal of Visual Impairment
http://bjr.sagepub.com/;British Journalism Review
http://bse.sagepub.com/;Building Services Engineering Research and Technology: An International Journal
http://bst.sagepub.com/;"Bulletin of Science, Technology &amp; Society"
http://bms.sagepub.com/;Bulletin of Sociological Methodology/Bulletin de Méthodologie Sociologique
http://bos.sagepub.com/;Bulletin of the Atomic Scientists
http://bas.sagepub.com/;"Business &amp; Society: Founded at Roosevelt University"
http://bcq.sagepub.com/;Business and Professional Communication Quarterly
http://bir.sagepub.com/;Business Information Review
http://bpr.sagepub.com/;Business Perspectives and Research
http://cjo.sagepub.com/;Canadian Journal of Occupational Therapy
http://cjs.sagepub.com/;Canadian Journal of School Psychology
http://cph.sagepub.com/;Canadian Pharmacists Journal / Revue des Pharmaciens du Canada
http://cnc.sagepub.com/;"Capital &amp; Class"
http://ccl.sagepub.com/;Cardiac Cath Lab Director
http://cto.sagepub.com/;Cardiovascular and Thoracic Open
http://cde.sagepub.com/;Career Development and Transition for Exceptional Individuals
http://car.sagepub.com/;Cartilage
http://cep.sagepub.com/;Cephalalgia
http://clt.sagepub.com/;Child Language Teaching and Therapy
http://cmx.sagepub.com/;Child Maltreatment
http://cno.sagepub.com/;Child Neurology Open
http://chd.sagepub.com/;Childhood: A journal of global child research
http://cin.sagepub.com/;China Information: A Journal on Contemporary China Studies
http://chr.sagepub.com/;China Report
http://chs.sagepub.com/;Chinese Journal of Sociology
http://cal.sagepub.com/;"Christianity &amp; Literature"
http://chi.sagepub.com/;Chronic Illness
http://crd.sagepub.com/;Chronic Respiratory Disease
http://cse.sagepub.com/;Citizenship, Social and Economics Education
http://cla.sagepub.com/;Clin-Alert: Reporting on Adverse Clinical Events
http://cat.sagepub.com/;Clinical and Applied Thrombosis/Hemostasis
http://ccs.sagepub.com/;Clinical Case Studies
http://ccp.sagepub.com/;Clinical Child Psychology and Psychiatry
http://eeg.sagepub.com/;Clinical EEG and Neuroscience
http://cet.sagepub.com/;Clinical Ethics
http://cnr.sagepub.com/;Clinical Nursing Research: An International Journal
http://cpj.sagepub.com/;Clinical Pediatrics
http://cpd.sagepub.com/;Clinical Pharmacology in Drug Development
http://cpx.sagepub.com/;Clinical Psychological Science
http://cre.sagepub.com/;Clinical Rehabilitation
http://cri.sagepub.com/;Clinical Risk
http://ctj.sagepub.com/;Clinical Trials: Journal of the Society for Clinical Trials
http://ctr.sagepub.com/;Clothing and Textiles Research Journal
http://clw.sagepub.com/;Common Law World Review
http://com.sagepub.com/;"Communication &amp; Sport"
http://cdq.sagepub.com/;Communication Disorders Quarterly
http://crx.sagepub.com/;Communication Research
http://crw.sagepub.com/;Community College Review
http://cps.sagepub.com/;Comparative Political Studies
http://cbr.sagepub.com/;"Compensation &amp; Benefits Review: The Journal of Total Compensation Strategies"
http://cch.sagepub.com/;"Competition &amp; Change "
http://cer.sagepub.com/;Concurrent Engineering: Research and Applications
http://cmp.sagepub.com/;Conflict Management and Peace Science
http://cdx.sagepub.com/;Contemporary Drug Problems
http://ced.sagepub.com/;Contemporary Education Dialogue
http://cie.sagepub.com/;Contemporary Issues in Early Childhood
http://cme.sagepub.com/;Contemporary Review of the Middle East
http://csx.sagepub.com/;Contemporary Sociology: A Journal of Reviews
http://ctx.sagepub.com/;Contexts
http://cis.sagepub.com/;Contributions to Indian Sociology
http://con.sagepub.com/;Convergence: The International Journal of Research into New Media Technologies
http://cac.sagepub.com/;Cooperation and Conflict
http://cqx.sagepub.com/;Cornell Hospitality Quarterly
http://cor.sagepub.com/;Counseling Outcome Research and Evaluation
http://tcp.sagepub.com/;The Counseling Psychologist
http://cad.sagepub.com/;"Crime &amp; Delinquency"
http://cmc.sagepub.com/;Crime, Media, Culture: An International Journal
http://cjb.sagepub.com/;Criminal Justice and Behavior: An International Journal
http://cjp.sagepub.com/;Criminal Justice Policy Review
http://cjr.sagepub.com/;Criminal Justice Review
http://crj.sagepub.com/;"Criminology &amp; Criminal Justice: An International Journal"
http://crr.sagepub.com/;Critical Research on Religion
http://cro.sagepub.com/;"Critical Reviews in Oral Biology &amp; Medicine"
http://csp.sagepub.com/;Critical Social Policy: A Journal of Theory and Practice in Social Welfare
http://crs.sagepub.com/;Critical Sociology
http://coa.sagepub.com/;Critique of Anthropology
http://ccr.sagepub.com/;Cross-Cultural Research: The Journal of Comparative Social Science
http://cdy.sagepub.com/;Cultural Dynamics
http://cgj.sagepub.com/;cultural geographies
http://cus.sagepub.com/;Cultural Sociology
http://csc.sagepub.com/;Cultural Studies ? Critical Methodologies
http://cap.sagepub.com/;"Culture &amp; Psychology"
http://cdp.sagepub.com/;Current Directions in Psychological Science
http://csi.sagepub.com/;Current Sociology
http://cbi.sagepub.com/;Currents in Biblical Research
http://dem.sagepub.com/;Dementia: The International Journal of Social Research and Practice
http://dvr.sagepub.com/;Diabetes and Vascular Disease Research
http://tde.sagepub.com/;The Diabetes Educator
http://dhg.sagepub.com/;Dialogues in Human Geography
http://dhj.sagepub.com/;DIGITAL HEALTH
http://dio.sagepub.com/;Diogenes
http://dcm.sagepub.com/;"Discourse &amp; Communication"
http://das.sagepub.com/;"Discourse &amp; Society: An International Journal for the Study of Discourse and Communication in their Social, Political and                                           Cultural Contexts"
http://dis.sagepub.com/;Discourse Studies: An Interdisciplinary Journal for the Study of Text and Talk
http://dos.sagepub.com/;Dose-Response
http://dsp.sagepub.com/;Drug Science, Policy and Law
http://ldm.sagepub.com/;E-Learning and Digital Media
http://eep.sagepub.com/;East European Politics and Societies
http://eid.sagepub.com/;Economic and Industrial Democracy: An International Journal
http://elr.sagepub.com/;The Economic and Labour Relations Review
http://edq.sagepub.com/;Economic Development Quarterly: The Journal of American Economic Revitalization
http://eus.sagepub.com/;Education and Urban Society
http://esj.sagepub.com/;Education, Citizenship and Social Justice
http://eaq.sagepub.com/;"Educational Administration Quarterly: The Journal of Leadership for Effective &amp; Equitable Organizations"
http://epm.sagepub.com/;Educational and Psychological Measurement
http://epa.sagepub.com/;Educational Evaluation and Policy Analysis
http://ehm.sagepub.com/;Educational Horizons
http://ema.sagepub.com/;"Educational Management Administration &amp; Leadership: Formerly Educational Management &amp; Administration"
http://epx.sagepub.com/;Educational Policy: An Interdisciplinary Journal of Policy and Practice
http://edr.sagepub.com/;Educational Researcher
http://enx.sagepub.com/;Electronic News
http://eax.sagepub.com/;Emerging Adulthood
http://emi.sagepub.com/;Emerging Economy Studies
http://emr.sagepub.com/;Emotion Review
http://art.sagepub.com/;Empirical Studies of the Arts
http://eim.sagepub.com/;Engineering in Medicine
http://eab.sagepub.com/;Environment and Behavior
http://eau.sagepub.com/;Environment and Urbanization
http://eua.sagepub.com/;Environment and Urbanization ASIA
http://elj.sagepub.com/;Environmental Law Review
http://erg.sagepub.com/;Ergonomics in Design: The Quarterly of Human Factors Applications
http://etn.sagepub.com/;Ethnicities
http://eth.sagepub.com/;Ethnography
http://eer.sagepub.com/;European Educational Research Journal
http://acc.sagepub.com/;European Heart Journal: Acute Cardiovascular Care
http://ehq.sagepub.com/;European History Quarterly
http://eja.sagepub.com/;European Journal of Archaeology
http://cnu.sagepub.com/;European Journal of Cardiovascular Nursing
http://ejc.sagepub.com/;European Journal of Communication
http://euc.sagepub.com/;European Journal of Criminology
http://ecs.sagepub.com/;European Journal of Cultural Studies
http://ejd.sagepub.com/;European Journal of Industrial Relations
http://eji.sagepub.com/;European Journal of Inflammation 
http://ejt.sagepub.com/;European Journal of International Relations
http://ept.sagepub.com/;European Journal of Political Theory
http://cpr.sagepub.com/;European Journal of Preventive Cardiology
http://ejp.sagepub.com/;European Journal of Probation 
http://est.sagepub.com/;European Journal of Social Theory
http://ejw.sagepub.com/;European Journal of Women's Studies
http://epe.sagepub.com/;European Physical Education Review
http://eup.sagepub.com/;European Union Politics
http://eur.sagepub.com/;European Urban and Regional Studies
http://ehp.sagepub.com/;"Evaluation &amp; the Health Professions"
http://erx.sagepub.com/;Evaluation Review: A Journal of Applied Social Research
http://evi.sagepub.com/;Evaluation: The International Journal of Theory, Research and Practice
http://evp.sagepub.com/;Evolutionary Psychology
http://ecx.sagepub.com/;Exceptional Children
http://ebm.sagepub.com/;Experimental Biology and Medicine
http://ext.sagepub.com/;The Expository Times: International Journal of Biblical Studies, Theology and Ministry
http://fbr.sagepub.com/;Family Business Review
http://tfj.sagepub.com/;The Family Journal: Counseling and Therapy for Couples and Families
http://fap.sagepub.com/;"Feminism &amp; Psychology: An International Journal"
http://fcx.sagepub.com/;Feminist Criminology
http://fth.sagepub.com/;Feminist Theology
http://fty.sagepub.com/;Feminist Theory: An International Interdisciplinary Journal
http://fmx.sagepub.com/;Field Methods: (Formerly Cultural Anthropology Methods)
http://fla.sagepub.com/;First Language
http://foa.sagepub.com/;Focus on Autism and Other Developmental Disabilities
http://fnb.sagepub.com/;Food and Nutrition Bulletin
http://fst.sagepub.com/;Food Science and Technology International
http://fai.sagepub.com/;"Foot &amp; Ankle International"
http://fas.sagepub.com/;"Foot &amp; Ankle Specialist"
http://ftr.sagepub.com/;Foreign Trade Review
http://foi.sagepub.com/;Forum Italicum : A Journal of Italian Studies
http://frc.sagepub.com/;French Cultural Studies
http://gac.sagepub.com/;Games and Culture: A Journal of Interactive Media
http://gas.sagepub.com/;"Gender &amp; Society"
http://gtd.sagepub.com/;Gender, Technology and Development
http://gmt.sagepub.com/;General Music Today
http://gan.sagepub.com/;"Genes &amp; Cancer"
http://gos.sagepub.com/;"Geriatric Orthopaedic Surgery &amp; Rehabilitation"
http://ggm.sagepub.com/;Gerontology and Geriatric Medicine
http://gcq.sagepub.com/;Gifted Child Quarterly
http://gct.sagepub.com/;Gifted Child Today
http://gei.sagepub.com/;Gifted Education International
http://gbr.sagepub.com/;Global Business Review
http://ped.sagepub.com/;"Global Health Promotion: Formerly Promotion &amp; Education"
http://eme.sagepub.com/;Global Journal of Emerging Market Economies
http://gmc.sagepub.com/;Global Media and Communication
http://gph.sagepub.com/;Global Pediatric Health
http://gqn.sagepub.com/;Global Qualitative Nursing Research
http://gsp.sagepub.com/;Global Social Policy: An Interdisciplinary Journal of Public Policy and Social Development
http://gsc.sagepub.com/;Global Studies of Childhood
http://gom.sagepub.com/;"Group &amp; Organization Management: An International Journal"
http://gaq.sagepub.com/;Group Analysis: The International Journal of Group-Analytic Psychotherapy
http://gpi.sagepub.com/;"Group Processes &amp; Intergroup Relations"
http://hth.sagepub.com/;Hand Therapy
http://hpm.sagepub.com/;Handbook of Practice Management
http://heb.sagepub.com/;"Health Education &amp; Behavior"
http://hej.sagepub.com/;Health Education Journal
http://jhi.sagepub.com/;Health Informatics Journal
http://hpp.sagepub.com/;Health Promotion Practice
http://hpo.sagepub.com/;Health Psychology Open
http://hsm.sagepub.com/;Health Services Management Research
http://hme.sagepub.com/;Health Services Research and Managerial Epidemiology
http://hea.sagepub.com/;Health:: An Interdisciplinary Journal for the Social Study of Health, Illness and Medicine
http://hmf.sagepub.com/;Healthcare Management Forum 
http://her.sagepub.com/;"HERD: Health Environments Research &amp; Design Journal"
http://hip.sagepub.com/;High Performance Polymers
http://hef.sagepub.com/;Higher Education  for the Future
http://hjb.sagepub.com/;Hispanic Journal of Behavioral Sciences
http://hsa.sagepub.com/;History and Sociology of South Asia
http://hpy.sagepub.com/;History of Psychiatry
http://hos.sagepub.com/;History of Science
http://hhs.sagepub.com/;History of the Human Sciences
http://hol.sagepub.com/;The Holocene: A Major Interdisciplinary Journal Focusing on Recent Environmental Change
http://hhc.sagepub.com/;"Home Health Care Management &amp; Practice"
http://hsx.sagepub.com/;"Homicide Studies: An Interdisciplinary &amp; International Journal"
http://het.sagepub.com/;"Human &amp; Experimental Toxicology"
http://hfs.sagepub.com/;Human Factors: The Journal of the Human Factors and Ergonomics Society
http://hum.sagepub.com/;Human Relations
http://hrd.sagepub.com/;Human Resource Development Review
http://has.sagepub.com/;"Humanity &amp; Society"
http://can.sagepub.com/;"ICAN: Infant, Child, &amp; Adolescent Nutrition"
http://icu.sagepub.com/;ICU Director
http://ifl.sagepub.com/;IFLA Journal
http://ksm.sagepub.com/;"IIM Kozhikode Society &amp; Management Review"
http://icl.sagepub.com/;"Illness, Crisis &amp; Loss"
http://ilr.sagepub.com/;ILR Review
http://ica.sagepub.com/;Imagination, Cognition and Personality
http://imp.sagepub.com/;Improving Schools
http://ioc.sagepub.com/;Index on Censorship
http://iqq.sagepub.com/;India Quarterly: A Journal of International Affairs
http://ier.sagepub.com/;"The Indian Economic &amp; Social History Review"
http://ihr.sagepub.com/;Indian Historical Review
http://ijc.sagepub.com/;Indian Journal of Corporate Governance
http://ijg.sagepub.com/;Indian Journal of Gender Studies
http://ibe.sagepub.com/;Indoor and Built Environment
http://idv.sagepub.com/;Information Development
http://ivi.sagepub.com/;Information Visualization
http://ini.sagepub.com/;Innate Immunity: Formerly the Journal of Endotoxin Research
http://ino.sagepub.com/;InnovAiT: Education and inspiration for general practice
http://inq.sagepub.com/;INQUIRY: The Journal of Health Care Organization, Provision, and Financing
http://ioa.sagepub.com/;Insight on Africa
http://ict.sagepub.com/;Integrative Cancer Therapies
http://ias.sagepub.com/;International Area Studies Review
http://gaz.sagepub.com/;International Communication Gazette: Formerly Gazette
http://icj.sagepub.com/;International Criminal Justice Review
http://ahd.sagepub.com/;The International Journal of Aging and Human Development
http://jbd.sagepub.com/;International Journal of Behavioral Development
http://ijb.sagepub.com/;International Journal of Bilingualism
http://job.sagepub.com/;International Journal of Business Communication 
http://icp.sagepub.com/;International Journal of Care Coordination
http://ice.sagepub.com/;"International Journal of Christianity &amp; Education"
http://cos.sagepub.com/;International Journal of Comparative Sociology
http://ccm.sagepub.com/;International Journal of Cross Cultural Management
http://ics.sagepub.com/;International Journal of Cultural Studies
http://ijd.sagepub.com/;International Journal of Damage Mechanics
http://jdi.sagepub.com/;International Journal of Discrimination and the Law
http://ije.sagepub.com/;International Journal of Electrical Engineering Education
http://jer.sagepub.com/;International Journal of Engine Research
http://epj.sagepub.com/;"The International Journal of Evidence &amp; Proof"
http://nan.sagepub.com/;International Journal of Green Nanotechnology
http://joh.sagepub.com/;International Journal of Health Services
http://hpc.sagepub.com/;The International Journal of High Performance Computing Applications
http://iji.sagepub.com/;International Journal of Immunopathology and Pharmacology 
http://ijl.sagepub.com/;The International Journal of Lower Extremity Wounds
http://ijh.sagepub.com/;International Journal of Maritime History
http://ijj.sagepub.com/;International Journal of Mechanical Engineering Education
http://ijm.sagepub.com/;International Journal of Music Education
http://ijo.sagepub.com/;International Journal of Offender Therapy and Comparative Criminology
http://psm.sagepub.com/;"International Journal of Police Science &amp; Management"
http://hij.sagepub.com/;The International Journal of Press/Politics
http://ijp.sagepub.com/;The International Journal of Psychiatry in Medicine
http://ijr.sagepub.com/;The International Journal of Robotics Research
http://irm.sagepub.com/;International Journal of Rural Management
http://isp.sagepub.com/;International Journal of Social Psychiatry
http://std.sagepub.com/;"International Journal of STD &amp; AIDS: Clinical practice in sexual health"
http://ijs.sagepub.com/;International Journal of Surgical Pathology
http://ijt.sagepub.com/;International Journal of Toxicology
http://ijx.sagepub.com/;International Journal: Canada’s Journal of Global Policy Analysis
http://iab.sagepub.com/;International Political Science Abstracts: Documentation Politique Internationale
http://ips.sagepub.com/;International Political Science Review
http://qch.sagepub.com/;International Quarterly of Community Health Education
http://irx.sagepub.com/;International Regional Science Review
http://ire.sagepub.com/;International Relations
http://irs.sagepub.com/;International Review for the Sociology of Sport
http://ras.sagepub.com/;International Review of Administrative Sciences: An International Journal of Comparative Public Administration
http://irv.sagepub.com/;International Review of Victimology
http://isb.sagepub.com/;International Small Business Journal
http://isw.sagepub.com/;International Social Work
http://iss.sagepub.com/;International Sociology
http://isq.sagepub.com/;International Studies
http://int.sagepub.com/;Interpretation: A Journal of Bible and Theology
http://isc.sagepub.com/;Intervention in School and Clinic
http://ine.sagepub.com/;Interventional Neuroradiology 
http://itq.sagepub.com/;Irish Theological Quarterly
http://jnr.sagepub.com/;Jadavpur Journal of International Relations
http://brj.sagepub.com/;Jindal Journal of Business Research 
http://jeg.sagepub.com/;Journal for the Education of the Gifted
http://jha.sagepub.com/;Journal for the History of Astronomy
http://jnt.sagepub.com/;Journal for the Study of the New Testament
http://jot.sagepub.com/;Journal for the Study of the Old Testament
http://jsp.sagepub.com/;Journal for the Study of the Pseudepigrapha
http://jaf.sagepub.com/;"Journal of Accounting, Auditing &amp; Finance"
http://jar.sagepub.com/;Journal of Adolescent Research
http://joa.sagepub.com/;Journal of Advanced Academics
http://jah.sagepub.com/;Journal of Aging and Health
http://jab.sagepub.com/;The Journal of Applied Behavioral Science: A Publication of the NTL Institute
http://jag.sagepub.com/;Journal of Applied Gerontology
http://jax.sagepub.com/;Journal of Applied Social Science
http://jas.sagepub.com/;Journal of Asian and African Studies
http://aia.sagepub.com/;Journal of Asian Security and International Affairs
http://jaa.sagepub.com/;"Journal of Asthma &amp; Allergy Educators"
http://jad.sagepub.com/;Journal of Attention Disorders: A Journal of Theoretical and Applied Science
http://jbc.sagepub.com/;Journal of Bioactive and Compatible Polymers: Biomedical Applications
http://jbr.sagepub.com/;Journal of Biological Rhythms
http://jba.sagepub.com/;Journal of Biomaterials Applications
http://jbx.sagepub.com/;Journal of Biomolecular Screening
http://jbp.sagepub.com/;Journal of Black Psychology
http://jbs.sagepub.com/;Journal of Black Studies
http://jen.sagepub.com/;Journal of Building Physics: Formerly Known as Journal of Thermal Envelope and Building Science
http://jbt.sagepub.com/;Journal of Business and Technical Communication
http://cpt.sagepub.com/;Journal of Cardiovascular Pharmacology and Therapeutics
http://jca.sagepub.com/;Journal of Career Assessment
http://jcd.sagepub.com/;Journal of Career Development
http://jel.sagepub.com/;Journal of Cases in Educational Leadership
http://cel.sagepub.com/;Journal of Cellular Plastics
http://chc.sagepub.com/;Journal of Child Health Care
http://jcn.sagepub.com/;Journal of Child Neurology
http://jnl.sagepub.com/;Journal of Christian Education
http://jcs.sagepub.com/;Journal of Classical Sociology
http://jcp.sagepub.com/;The Journal of Clinical Pharmacology
http://uro.sagepub.com/;Journal of Clinical Urology 
http://edm.sagepub.com/;Journal of Cognitive Engineering and Decision Making
http://csr.sagepub.com/;"Journal of College Student Retention: Research, Theory &amp; Practice"
http://jcl.sagepub.com/;The Journal of Commonwealth Literature
http://jci.sagepub.com/;Journal of Communication Inquiry
http://jcm.sagepub.com/;Journal of Composite Materials
http://jcr.sagepub.com/;Journal of Conflict Resolution
http://joc.sagepub.com/;Journal of Consumer Culture
http://ccj.sagepub.com/;Journal of Contemporary Criminal Justice
http://jce.sagepub.com/;Journal of Contemporary Ethnography
http://jch.sagepub.com/;Journal of Contemporary History
http://jcx.sagepub.com/;Journal of Correctional Health Care
http://jcv.sagepub.com/;Journal of Creating Value 
http://crc.sagepub.com/;Journal of Creative Communications
http://clj.sagepub.com/;The Journal of Criminal Law
http://jcc.sagepub.com/;Journal of Cross-Cultural Psychology
http://cms.sagepub.com/;Journal of Cutaneous Medicine and Surgery
http://dms.sagepub.com/;The Journal of Defense Modeling and Simulation: Applications, Methodology, Technology
http://dbm.sagepub.com/;Journal of Dental Biomechanics
http://jdr.sagepub.com/;Journal of Dental Research: The journal for dental, oral and craniofacial research
http://jds.sagepub.com/;Journal of Developing Societies: A Forum on Issues of Development and Change in All Societies
http://dst.sagepub.com/;Journal of Diabetes Science and Technology
http://jdm.sagepub.com/;Journal of Diagnostic Medical Sonography
http://dps.sagepub.com/;Journal of Disability Policy Studies
http://dre.sagepub.com/;Journal of Drug Education
http://jod.sagepub.com/;Journal of Drug Issues
http://jea.sagepub.com/;The Journal of Early Adolescence
http://ecl.sagepub.com/;Journal of Early Childhood Literacy
http://ecr.sagepub.com/;Journal of Early Childhood Research
http://jei.sagepub.com/;Journal of Early Intervention
http://jsd.sagepub.com/;Journal of Education for Sustainable Development
http://jeb.sagepub.com/;Journal of Educational and Behavioral Statistics
http://jec.sagepub.com/;Journal of Educational Computing Research
http://ets.sagepub.com/;Journal of Educational Technology Systems
http://jep.sagepub.com/;"Journal of Elastomers &amp; Plastics"
http://emf.sagepub.com/;Journal of Emerging Market Finance
http://ebx.sagepub.com/;Journal of Emotional and Behavioral Disorders
http://jre.sagepub.com/;Journal of Empirical Research on Human Research Ethics
http://jet.sagepub.com/;Journal of Endovascular Therapy
http://eng.sagepub.com/;Journal of English Linguistics
http://joe.sagepub.com/;The Journal of Entrepreneurship
http://eie.sagepub.com/;Journal of Entrepreneurship and Innovation in Emerging Economies
http://jed.sagepub.com/;"The Journal of Environment &amp; Development: A Review of International Policy"
http://esp.sagepub.com/;Journal of European Social Policy
http://jes.sagepub.com/;Journal of European Studies
http://chp.sagepub.com/;"Journal of Evidence-Based Complementary &amp; Alternative Medicine"
http://jee.sagepub.com/;Journal of Experiential Education
http://jfh.sagepub.com/;Journal of Family History: Studies in Family, Kinship, Gender, and Demography
http://jfi.sagepub.com/;Journal of Family Issues
http://jfn.sagepub.com/;Journal of Family Nursing
http://jfm.sagepub.com/;Journal of Feline Medicine and Surgery
http://jor.sagepub.com/;Journal of Feline Medicine and Surgery Open Reports 
http://jfe.sagepub.com/;Journal of Fire Protection Engineering
http://jfs.sagepub.com/;Journal of Fire Sciences
http://jgm.sagepub.com/;Journal of Generic Medicines: The Business Journal for the Generic Medicines Sector
http://jgp.sagepub.com/;Journal of Geriatric Psychiatry and Neurology
http://jhs.sagepub.com/;"Journal of Hand Surgery (European Volume): Journal of the British Society for Surgery of the Hand &amp; Official Journal of the                                           Federation of European Societies for Surgery of the Hand"
http://hsb.sagepub.com/;Journal of Health and Social Behavior
http://jhm.sagepub.com/;Journal of Health Management
http://hpq.sagepub.com/;Journal of Health Psychology: An Interdisciplinary, International Journal
http://hsr.sagepub.com/;"Journal of Health Services Research &amp; Policy"
http://jhh.sagepub.com/;Journal of Hispanic Higher Education
http://jhc.sagepub.com/;"Journal of Histochemistry &amp; Cytochemistry"
http://jhn.sagepub.com/;Journal of Holistic Nursing
http://jht.sagepub.com/;"Journal of Hospitality &amp; Tourism Research: The Professional Journal of the Council on Hotel, Restaurant, and Institutional                                           Education"
http://jhl.sagepub.com/;Journal of Human Lactation
http://jhv.sagepub.com/;Journal of Human Values
http://jhp.sagepub.com/;Journal of Humanistic Psychology
http://iem.sagepub.com/;Journal of Inborn Errors of Metabolism and Screening
http://jir.sagepub.com/;Journal of Industrial Relations
http://jit.sagepub.com/;Journal of Industrial Textiles
http://bji.sagepub.com/;Journal of Infection Prevention: Formerly British Journal of Infection Control
http://jis.sagepub.com/;Journal of Information Science
http://joi.sagepub.com/;Journal of Infrastructure Development
http://jld.sagepub.com/;Journal of Intellectual Disabilities
http://jim.sagepub.com/;Journal of Intelligent Material Systems and Structures
http://jic.sagepub.com/;Journal of Intensive Care Medicine
http://jie.sagepub.com/;Journal of Interdisciplinary Economics
http://imr.sagepub.com/;Journal of International Medical Research 
http://ipt.sagepub.com/;Journal of International Political Theory
http://jiv.sagepub.com/;Journal of Interpersonal Violence: Concerned with the Study and Treatment of Victims and Perpetrators of Physical and Sexual                                           Violence
http://hic.sagepub.com/;Journal of Investigative Medicine High Impact Case Reports
http://jla.sagepub.com/;Journal of Laboratory Automation
http://lrs.sagepub.com/;Journal of Land and Rural Studies 
http://jls.sagepub.com/;Journal of Language and Social Psychology
http://jlo.sagepub.com/;"Journal of Leadership &amp; Organizational Studies"
http://ldx.sagepub.com/;Journal of Learning Disabilities
http://lis.sagepub.com/;Journal of Librarianship and Information Science
http://jlr.sagepub.com/;Journal of Literacy Research 
http://jmk.sagepub.com/;Journal of Macromarketing
http://jme.sagepub.com/;Journal of Management Education: A Publication of the OBTS Teaching Society for Management Educators
http://jmi.sagepub.com/;Journal of Management Inquiry
http://jom.sagepub.com/;Journal of Management: Official Journal of the Southern Management Association
http://jmd.sagepub.com/;Journal of Marketing Education
http://mcu.sagepub.com/;Journal of Material Culture
http://jms.sagepub.com/;Journal of Mechanical Engineering Science
http://jmb.sagepub.com/;Journal of Medical Biography
http://mmj.sagepub.com/;Journal of Medical Marketing: Device, Diagnostic and Pharmaceutical Marketing
http://msc.sagepub.com/;Journal of Medical Screening
http://men.sagepub.com/;The Journal of Men’s Studies
http://mmr.sagepub.com/;Journal of Mixed Methods Research
http://jmt.sagepub.com/;Journal of Music Teacher Education
http://opp.sagepub.com/;Journal of Oncology Pharmacy Practice
http://pen.sagepub.com/;Journal of Parenteral and Enteral Nutrition
http://pcc.sagepub.com/;"Journal of Pastoral Care &amp; Counseling : Advancing theory and professional practice through scholarly and reflective publications"
http://jpr.sagepub.com/;Journal of Peace Research
http://jpo.sagepub.com/;Journal of Pediatric Oncology Nursing
http://jpp.sagepub.com/;Journal of Pharmacy Practice
http://pmt.sagepub.com/;Journal of Pharmacy Technology
http://jpe.sagepub.com/;Journal of Planning Education and Research
http://jph.sagepub.com/;Journal of Planning History
http://jpl.sagepub.com/;Journal of Planning Literature: Incorporating The CPL Bibliographies
http://jpf.sagepub.com/;"Journal of Plastic Film &amp; Sheeting"
http://pbi.sagepub.com/;Journal of Positive Behavior Interventions
http://jpc.sagepub.com/;"Journal of Primary Care &amp; Community Health"
http://plx.sagepub.com/;"The Journal of Psychiatry &amp; Law"
http://jpa.sagepub.com/;Journal of Psychoeducational Assessment
http://jop.sagepub.com/;Journal of Psychopharmacology
http://jrt.sagepub.com/;Journal of Rehabilitation and Assistive Technologies Engineering
http://jrp.sagepub.com/;Journal of Reinforced Plastics and Composites
http://jrc.sagepub.com/;Journal of Research in Crime and Delinquency
http://jri.sagepub.com/;Journal of Research in International Education
http://jrm.sagepub.com/;Journal of Research in Music Education
http://jrn.sagepub.com/;Journal of Research in Nursing
http://jrl.sagepub.com/;Journal of Research on Leadership Education
http://jsm.sagepub.com/;"Journal of Sandwich Structures &amp; Materials"
http://jsn.sagepub.com/;The Journal of School Nursing 
http://jsr.sagepub.com/;Journal of Service Research
http://spr.sagepub.com/;Journal of Social and Personal Relationships
http://jsa.sagepub.com/;Journal of Social Archaeology
http://jsw.sagepub.com/;Journal of Social Work
http://jos.sagepub.com/;Journal of Sociology
http://sad.sagepub.com/;Journal of South Asian Development
http://sed.sagepub.com/;The Journal of Special Education
http://jss.sagepub.com/;Journal of Sport and Social Issues
http://jse.sagepub.com/;Journal of Sports Economics
http://sdj.sagepub.com/;The Journal of Strain Analysis for Engineering Design
http://jsc.sagepub.com/;Journal of Strategic Contracting and Negotiation
http://jsi.sagepub.com/;Journal of Studies in International Education
http://jte.sagepub.com/;Journal of Teacher Education: The Journal of Policy, Practice, and Research in Teacher Education
http://jtw.sagepub.com/;Journal of Technical Writing and Communication
http://jtt.sagepub.com/;Journal of Telemedicine and Telecare
http://jam.sagepub.com/;Journal of the Academy of Marketing Science
http://jap.sagepub.com/;Journal of the American Psychiatric Nurses Association
http://apa.sagepub.com/;Journal of the American Psychoanalytic Association
http://jil.sagepub.com/;Journal of the Institution of Locomotive Engineers
http://inc.sagepub.com/;Journal of the Intensive Care Society
http://jia.sagepub.com/;Journal of the International Association of Providers of AIDS Care (JIAPAC)
http://jra.sagepub.com/;Journal of the Renin-Angiotensin-Aldosterone System: (Including Other Peptidergic Systems)
http://jrs.sagepub.com/;Journal of the Royal Society of Medicine
http://jtp.sagepub.com/;Journal of Theoretical Politics
http://jtc.sagepub.com/;Journal of Thermoplastic Composite Materials
http://tej.sagepub.com/;Journal of Tissue Engineering
http://tcn.sagepub.com/;Journal of Transcultural Nursing: A Forum for Cultural Competence in Health Care
http://jtd.sagepub.com/;Journal of Transformative Education
http://jtr.sagepub.com/;Journal of Travel Research
http://juh.sagepub.com/;Journal of Urban History
http://jvm.sagepub.com/;Journal of Vacation Marketing: An International Journal for the Tourism and Hospitality Industries
http://vdi.sagepub.com/;Journal of Veterinary Diagnostic Investigation
http://jvc.sagepub.com/;Journal of Vibration and Control
http://vcu.sagepub.com/;Journal of Visual Culture
http://jwb.sagepub.com/;Journal of Wide Bandgap Materials
http://jmo.sagepub.com/;"Journalism &amp; Communication Monographs"
http://jmc.sagepub.com/;"Journalism &amp; Mass Communication Educator"
http://jmq.sagepub.com/;"Journalism &amp; Mass Communication Quarterly"
http://jou.sagepub.com/;"Journalism: Theory, Practice &amp; Criticism"
http://cvd.sagepub.com/;JRSM Cardiovascular Disease
http://shr.sagepub.com/;JRSM Open
http://jrx.sagepub.com/;Justice Research and Policy
http://lsj.sagepub.com/;Labor Studies Journal
http://lan.sagepub.com/;Laboratory Animals: The international journal of laboratory animal science and welfare
http://lin.sagepub.com/;Language and Linguistics
http://lal.sagepub.com/;Language and Literature
http://las.sagepub.com/;Language and Speech
http://ltr.sagepub.com/;Language Teaching Research
http://ltj.sagepub.com/;Language Testing
http://lap.sagepub.com/;Latin American Perspectives: A Journal on Capitalism and Socialism
http://lch.sagepub.com/;Law, Culture and the Humanities
http://lea.sagepub.com/;Leadership
http://ldq.sagepub.com/;Learning Disability Quarterly
http://lrt.sagepub.com/;"Lighting Research &amp; Technology"
http://lec.sagepub.com/;Local Economy: The Journal of the Local Economy Policy Unit
http://lup.sagepub.com/;Lupus: An International Journal
http://moh.sagepub.com/;"Management &amp; Organizational History"
http://mls.sagepub.com/;Management and Labour Studies
http://mcq.sagepub.com/;Management Communication Quarterly: An International Journal
http://mie.sagepub.com/;Management in Education
http://mlq.sagepub.com/;Management Learning: The Journal for Critical, Reflexive Scholarship on Organization and Learning
http://mar.sagepub.com/;Margin: The Journal of Applied Economic Research
http://mtq.sagepub.com/;Marketing Theory
http://mms.sagepub.com/;Mathematics and Mechanics of Solids
http://mac.sagepub.com/;Measurement and Control
http://mec.sagepub.com/;Measurement and Evaluation in Counseling and Development
http://mcs.sagepub.com/;"Media, Culture &amp; Society"
http://mwc.sagepub.com/;"Media, War &amp; Conflict"
http://mcr.sagepub.com/;Medical Care Research and Review: formerly Medical Care Review
http://mdm.sagepub.com/;Medical Decision Making
http://mli.sagepub.com/;Medical Law International
http://msl.sagepub.com/;Medicine, Science and the Law
http://mlj.sagepub.com/;Medico-Legal Journal
http://mhj.sagepub.com/;The Medieval History Journal
http://mss.sagepub.com/;Memory Studies
http://jmm.sagepub.com/;Men and Masculinities
http://mla.sagepub.com/;Millennial Asia
http://mil.sagepub.com/;Millennium: Journal of International Studies
http://mis.sagepub.com/;Missiology: An International Review
http://mmc.sagepub.com/;"Mobile Media &amp; Communication"
http://mcx.sagepub.com/;Modern China: An International Journal of History and Social Science
http://msj.sagepub.com/;Multiple Sclerosis Journal
http://mso.sagepub.com/;Multiple Sclerosis Journal – Experimental, Translational and Clinical
http://mmd.sagepub.com/;Music and Medicine
http://mej.sagepub.com/;Music Educators Journal
http://msx.sagepub.com/;Musicae Scientiae
http://nas.sagepub.com/;NASN School Nurse
http://bul.sagepub.com/;NASSP Bulletin: Official Journal of the National Association of Secondary School Principals
http://ner.sagepub.com/;National Institute Economic Review
http://nho.sagepub.com/;The Neurohospitalist
http://neu.sagepub.com/;The Neuroradiology Journal 
http://nnr.sagepub.com/;Neurorehabilitation and Neural Repair: An International Journal of Translational Science for Researchers and Clinicians
http://nro.sagepub.com/;The Neuroscientist: Reviews at the Interface of Basic and Clinical Neurosciences
http://nlf.sagepub.com/;New Labor Forum
http://nms.sagepub.com/;"New Media &amp; Society"
http://new.sagepub.com/;NEW SOLUTIONS: A Journal of Environmental and Occupational Health Policy
http://nrj.sagepub.com/;Newspaper Research Journal
http://nvs.sagepub.com/;Nonprofit and Voluntary Sector Quarterly
http://njn.sagepub.com/;Nordic Journal of Nursing Research
http://naa.sagepub.com/;North American Archaeologist
http://nej.sagepub.com/;Nursing Ethics: An International Journal for Health Care Professionals
http://nsq.sagepub.com/;Nursing Science Quarterly: Theory, Research, and Practice
http://nah.sagepub.com/;Nutrition and Health
http://ncp.sagepub.com/;Nutrition in Clinical Practice
http://obm.sagepub.com/;Obstetric Medicine: The Medicine of Pregnancy
http://ome.sagepub.com/;OMEGA - Journal of Death and Dying
http://oae.sagepub.com/;"Organization &amp; Environment"
http://oss.sagepub.com/;Organization Studies: An international multidisciplinary journal devoted to the Studies of organizations, organizing, and                                           the organized in and between societies
http://org.sagepub.com/;Organization: The Critical Journal of Organization, Theory and Society
http://opr.sagepub.com/;Organizational Psychology Review
http://orm.sagepub.com/;Organizational Research Methods
http://ojs.sagepub.com/;Orthopaedic Journal of Sports Medicine
http://otj.sagepub.com/;OTJR: Occupation, Participation and Health
http://oto.sagepub.com/;Otolaryngology—Head and Neck Surgery
http://paa.sagepub.com/;Pacifica : Australasian Theological Studies
http://pmj.sagepub.com/;Palliative Medicine: The Research Journal of the EAPC - A Multiprofessional Journal
http://par.sagepub.com/;Paradigm
http://ppq.sagepub.com/;Party Politics: The International Journal for the Study of Political Parties and Political Organizations
http://php.sagepub.com/;"Pedagogy in Health Promotion: The Scholarship of Teaching &amp; Learning"
http://prf.sagepub.com/;Perfusion
http://psp.sagepub.com/;Personality and Social Psychology Bulletin
http://psr.sagepub.com/;Personality and Social Psychology Review
http://rsh.sagepub.com/;Perspectives in Public Health: Formerly Journal of the Royal Society for the Promotion of Health
http://pvs.sagepub.com/;Perspectives in Vascular Surgery and Endovascular Therapy
http://pps.sagepub.com/;Perspectives on Psychological Science
http://pdk.sagepub.com/;Phi Delta Kappan
http://psc.sagepub.com/;"Philosophy &amp; Social Criticism: An International, Interdisciplinary Journal"
http://pos.sagepub.com/;Philosophy of the Social Sciences
http://phl.sagepub.com/;Phlebology: The Journal of Venous Disease
http://plt.sagepub.com/;Planning Theory
http://plr.sagepub.com/;PLEURA
http://pjx.sagepub.com/;The Police Journal: Theory, Practice and Principles
http://pqx.sagepub.com/;Police Quarterly
http://pfe.sagepub.com/;Policy Futures in Education
http://bbs.sagepub.com/;Policy Insights from the Behavioral and Brain Sciences 
http://ppn.sagepub.com/;"Policy, Politics, &amp; Nursing Practice"
http://prq.sagepub.com/;Political Research Quarterly
http://pnz.sagepub.com/;Political Science
http://ptx.sagepub.com/;Political Theory: An International Journal of Political Philosophy
http://pas.sagepub.com/;"Politics &amp; Society"
http://ppe.sagepub.com/;"Politics, Philosophy &amp; Economics"
http://min.sagepub.com/;Post Reproductive Health: The Journal of The British Menopause Society
http://pae.sagepub.com/;Power and Education
http://tpj.sagepub.com/;The Prison Journal: An International Forum on Incarceration and Alternative Sanctions
http://prb.sagepub.com/;Probation Journal: The Journal of Community and Criminal Justice
http://psh.sagepub.com/;Proceedings of Singapore Healthcare
http://pro.sagepub.com/;Proceedings of the Human Factors and Ergonomics Society Annual Meeting
http://pau.sagepub.com/;Proceedings of the Institution of Automobile Engineers 
http://pme.sagepub.com/;Proceedings of the Institution of Mechanical Engineers
http://pcp.sagepub.com/;Proceedings of the Institution of Mechanical Engineers, Conference Proceedings
http://pia.sagepub.com/;Proceedings of the Institution of Mechanical Engineers, Part A: Journal of Power and Energy
http://pib.sagepub.com/;Proceedings of the Institution of Mechanical Engineers, Part B: Journal of Engineering Manufacture
http://pic.sagepub.com/;Proceedings of the Institution of Mechanical Engineers, Part C: Journal of Mechanical Engineering Science
http://pid.sagepub.com/;Proceedings of the Institution of Mechanical Engineers, Part D: Journal of Automobile Engineering
http://pie.sagepub.com/;Proceedings of the Institution of Mechanical Engineers, Part E: Journal of Process Mechanical Engineering
http://pif.sagepub.com/;Proceedings of the Institution of Mechanical Engineers, Part F: Journal of Rail and Rapid Transit
http://pig.sagepub.com/;Proceedings of the Institution of Mechanical Engineers, Part G: Journal of Aerospace Engineering
http://pih.sagepub.com/;Proceedings of the Institution of Mechanical Engineers, Part H: Journal of Engineering in Medicine
http://pii.sagepub.com/;Proceedings of the Institution of Mechanical Engineers, Part I: Journal of Systems and Control Engineering
http://pij.sagepub.com/;Proceedings of the Institution of Mechanical Engineers, Part J: Journal of Engineering Tribology
http://pik.sagepub.com/;Proceedings of the Institution of Mechanical Engineers, Part K: Journal of Multi-body Dynamics
http://pil.sagepub.com/;Proceedings of the Institution of Mechanical Engineers, Part L: Journal of Materials: Design and Applications
http://pim.sagepub.com/;Proceedings of the Institution of Mechanical Engineers, Part M: Journal of Engineering for the Maritime Environment
http://pin.sagepub.com/;Proceedings of the Institution of Mechanical Engineers, Part N: Journal of Nanoengineering and Nanosystems
http://pio.sagepub.com/;Proceedings of the Institution of Mechanical Engineers, Part O: Journal of Risk and Reliability
http://pip.sagepub.com/;Proceedings of the Institution of Mechanical Engineers, Part P: Journal of Sports Engineering and Technology
http://pad.sagepub.com/;Proceedings of the Institution of Mechanical Engineers: Automobile Division
http://hcs.sagepub.com/;Proceedings of the International Symposium on Human Factors and Ergonomics in Health Care
http://pdj.sagepub.com/;Progress in Development Studies
http://phg.sagepub.com/;Progress in Human Geography
http://ppg.sagepub.com/;Progress in Physical Geography: An International Review of Geographical Work in the Natural and Environmental Sciences
http://poi.sagepub.com/;Prosthetics and Orthotics International
http://pss.sagepub.com/;Psychological Science
http://psi.sagepub.com/;Psychological Science in the Public Interest
http://pds.sagepub.com/;Psychology and Developing Societies
http://plj.sagepub.com/;"Psychology Learning &amp; Teaching"
http://pom.sagepub.com/;Psychology of Music
http://pwq.sagepub.com/;Psychology of Women Quarterly
http://pfr.sagepub.com/;Public Finance Review
http://ppm.sagepub.com/;Public Personnel Management
http://ppa.sagepub.com/;Public Policy and Administration
http://pri.sagepub.com/;Public Relations Inquiry
http://pus.sagepub.com/;Public Understanding of Science
http://pwm.sagepub.com/;"Public Works Management &amp; Policy: Research and Practice in Infrastructure, Technology, and the Environment"
http://pun.sagepub.com/;"Punishment &amp; Society: The International Journal of Penology"
http://qhr.sagepub.com/;Qualitative Health Research
http://qix.sagepub.com/;Qualitative Inquiry
http://qrj.sagepub.com/;Qualitative Research
http://qsw.sagepub.com/;Qualitative Social Work: Research and Practice
http://rac.sagepub.com/;"Race &amp; Class: A Journal on Racism, Empire and Globalisation"
http://raj.sagepub.com/;Race and Justice
http://rss.sagepub.com/;Rationality and Society
http://rme.sagepub.com/;Recherche et Applications en Marketing (English Edition)
http://ram.sagepub.com/;Recherche et Applications en Marketing (French Edition)
http://rcb.sagepub.com/;Rehabilitation Counseling Bulletin
http://rel.sagepub.com/;RELC Journal: A Journal of Language Teaching and Research
http://rse.sagepub.com/;Remedial and Special Education
http://rsx.sagepub.com/;Reproductive Sciences
http://rap.sagepub.com/;"Research &amp; Politics "
http://rps.sagepub.com/;Research and Practice for Persons with Severe Disabilities
http://rea.sagepub.com/;Research Ethics
http://rci.sagepub.com/;Research in Comparative and International Education
http://roa.sagepub.com/;Research on Aging: An International Bimonthly Journal
http://rsw.sagepub.com/;Research on Social Work Practice
http://rsm.sagepub.com/;Research Studies in Music Education
http://rrn.sagepub.com/;Reuse/Recycle Newsletter
http://rae.sagepub.com/;"Review &amp; Expositor: An International Baptist Journal"
http://rer.sagepub.com/;Review of Educational Research
http://rmi.sagepub.com/;Review of Market Integration
http://rop.sagepub.com/;Review of Public Personnel Administration: The Journal of Public Human Resource Management
http://rrp.sagepub.com/;Review of Radical Political Economics
http://rre.sagepub.com/;Review of Research in Education
http://rev.sagepub.com/;Reviews of Human Factors and Ergonomics
http://sgo.sagepub.com/;SAGE Open
http://sco.sagepub.com/;SAGE Open Medical Case Reports
http://smo.sagepub.com/;SAGE Open Medicine
http://sjp.sagepub.com/;Scandinavian Journal of Public Health
http://sjs.sagepub.com/;Scandinavian Journal of Surgery
http://spi.sagepub.com/;School Psychology International
http://scx.sagepub.com/;Science Communication: Linking Theory and Practice
http://sts.sagepub.com/;Science, Technology and Society: An International Journal
http://sth.sagepub.com/;"Science, Technology, &amp; Human Values"
http://scm.sagepub.com/;Scottish Medical Journal
http://slr.sagepub.com/;Second Language Research
http://sdi.sagepub.com/;Security Dialogue
http://scv.sagepub.com/;Seminars in Cardiothoracic and Vascular Anesthesia
http://sax.sagepub.com/;Sexual Abuse: A Journal of Research and Treatment
http://sexualities.sagepub.com/;Sexualities: Studies in Culture and Society
http://sme.sagepub.com/;"Sexualization, Media, &amp; Society"
http://sel.sagepub.com/;"Shoulder &amp; Elbow"
http://sag.sagepub.com/;"Simulation &amp; Gaming: An Interdisciplinary Journal of Theory, Practice and Research"
http://sim.sagepub.com/;SIMULATION: Transactions of The Society for Modeling and Simulation International
http://sgr.sagepub.com/;Small Group Research: An International Journal of Theory, Investigation, and Application
http://sls.sagepub.com/;"Social &amp; Legal Studies: An International Journal"
http://sch.sagepub.com/;Social Change
http://scp.sagepub.com/;Social Compass: Revue Internationale de Sociologie de la Religion/ International Review of Sociology of Religion
http://scu.sagepub.com/;Social Currents
http://smq.sagepub.com/;Social Marketing Quarterly
http://sms.sagepub.com/;Social Media + Society
http://spp.sagepub.com/;Social Psychological and Personality Science
http://spq.sagepub.com/;Social Psychology Quarterly
http://ssc.sagepub.com/;Social Science Computer Review
http://ssi.sagepub.com/;Social Science Information: Information sur les Sciences Sociales
http://sss.sagepub.com/;Social Studies of Science: An International Review of Research in the Social Dimensions of Science and Technology
http://scs.sagepub.com/;Society and Culture in South Asia
http://smh.sagepub.com/;Society and Mental Health
http://smx.sagepub.com/;Sociological Methodology
http://smr.sagepub.com/;"Sociological Methods &amp; Research"
http://spx.sagepub.com/;Sociological Perspectives
http://stx.sagepub.com/;Sociological Theory
http://soc.sagepub.com/;Sociology
http://soe.sagepub.com/;Sociology of Education
http://sap.sagepub.com/;South African Journal of Psychology      
http://sae.sagepub.com/;South Asia Economic Journal
http://sar.sagepub.com/;South Asia Research
http://bmc.sagepub.com/;South Asian Journal of Business and Management Cases
http://hrm.sagepub.com/;South Asian Journal of Human Resources Management
http://smp.sagepub.com/;South Asian Journal of Macroeconomics and Public Finance
http://sas.sagepub.com/;South Asian Survey
http://sac.sagepub.com/;Space and Culture
http://sph.sagepub.com/;Sports Health: A Multidisciplinary Approach
http://slg.sagepub.com/;State and Local Government Review
http://spa.sagepub.com/;"State Politics &amp; Policy Quarterly"
http://smm.sagepub.com/;Statistical Methods in Medical Research: An International Review Journal
http://smj.sagepub.com/;Statistical Modelling: An International Journal
http://soq.sagepub.com/;Strategic Organization
http://shm.sagepub.com/;Structural Health Monitoring: An International Journal
http://sce.sagepub.com/;Studies in Christian Ethics
http://sih.sagepub.com/;Studies in History
http://inp.sagepub.com/;Studies in Indian Politics
http://mic.sagepub.com/;Studies in Microeconomics
http://sip.sagepub.com/;Studies in People’s History
http://sir.sagepub.com/;Studies in Religion/Sciences Religieuses
http://sri.sagepub.com/;Surgical Innovation
http://tes.sagepub.com/;Teacher Education and Special Education: The Journal of the Teacher Education Division of the Council for Exceptional Children
http://tcx.sagepub.com/;TEACHING Exceptional Children
http://top.sagepub.com/;Teaching of Psychology
http://tpa.sagepub.com/;Teaching Public Administration
http://tso.sagepub.com/;Teaching Sociology
http://tct.sagepub.com/;"Technology in Cancer Research &amp; Treatment"
http://tvn.sagepub.com/;"Television &amp; New Media"
http://trj.sagepub.com/;Textile Research Journal
http://tsj.sagepub.com/;Theological Studies
http://tjx.sagepub.com/;Theology
http://tse.sagepub.com/;"Theology &amp; Sexuality"
http://ttj.sagepub.com/;Theology Today
http://tcr.sagepub.com/;Theoretical Criminology: An International Journal
http://tap.sagepub.com/;"Theory &amp; Psychology"
http://tre.sagepub.com/;Theory and Research in Education
http://tcs.sagepub.com/;"Theory, Culture &amp; Society: Explorations in Critical Social Science"
http://tak.sagepub.com/;Therapeutic Advances in Cardiovascular Disease
http://taj.sagepub.com/;Therapeutic Advances in Chronic Disease
http://taw.sagepub.com/;Therapeutic Advances in Drug Safety
http://tae.sagepub.com/;Therapeutic Advances in Endocrinology and Metabolism
http://tag.sagepub.com/;Therapeutic Advances in Gastroenterology
http://tah.sagepub.com/;Therapeutic Advances in Hematology
http://tai.sagepub.com/;Therapeutic Advances in Infectious Disease
http://tam.sagepub.com/;Therapeutic Advances in Medical Oncology
http://tab.sagepub.com/;Therapeutic Advances in Musculoskeletal Disease
http://tan.sagepub.com/;Therapeutic Advances in Neurological Disorders
http://tpp.sagepub.com/;Therapeutic Advances in Psychopharmacology
http://tar.sagepub.com/;Therapeutic Advances in Respiratory Disease
http://tau.sagepub.com/;Therapeutic Advances in Urology
http://tav.sagepub.com/;Therapeutic Advances in Vaccines
http://dij.sagepub.com/;"Therapeutic Innovation &amp; Regulatory Science"
http://the.sagepub.com/;Thesis Eleven: Critical Theory and Historical Sociology
http://tas.sagepub.com/;"Time &amp; Society"
http://tec.sagepub.com/;Topics in Early Childhood Special Education
http://thr.sagepub.com/;Tourism and Hospitality Research
http://tou.sagepub.com/;Tourist Studies: An International Journal
http://tpx.sagepub.com/;Toxicologic Pathology
http://tih.sagepub.com/;Toxicology and Industrial Health
http://tax.sagepub.com/;Transactional Analysis Journal
http://tim.sagepub.com/;Transactions of the Institute of Measurement and Control
http://tps.sagepub.com/;Transcultural Psychiatry
http://trs.sagepub.com/;Transfer: European Review of Labour and Research
http://trn.sagepub.com/;Transformation: An International Journal of Holistic Mission Studies
http://epi.sagepub.com/;Translational Epigenomics
http://tra.sagepub.com/;Trauma
http://tva.sagepub.com/;"Trauma, Violence, &amp; Abuse"
http://tmt.sagepub.com/;Traumatology
http://tia.sagepub.com/;Trends in Hearing
http://tdo.sagepub.com/;Tropical Doctor
http://uix.sagepub.com/;Ultrasonic Imaging
http://ult.sagepub.com/;Ultrasound
http://ueg.sagepub.com/;United European Gastroenterology Journal
http://upd.sagepub.com/;Update: Applications of Research in Music Education
http://uar.sagepub.com/;Urban Affairs Review
http://uex.sagepub.com/;Urban Education
http://usj.sagepub.com/;Urban Studies: An International Journal of Research in Urban Studies
http://vas.sagepub.com/;Vascular
http://ves.sagepub.com/;Vascular and Endovascular Surgery
http://vmj.sagepub.com/;Vascular Medicine
http://vet.sagepub.com/;Veterinary Pathology
http://vik.sagepub.com/;Vikalpa: The Journal for Decision Makers
http://vaw.sagepub.com/;Violence Against Women
http://vis.sagepub.com/;Vision: The Journal of Business Perspective
http://vcj.sagepub.com/;Visual Communication
http://wih.sagepub.com/;War in History
http://wmr.sagepub.com/;"Waste Management &amp; Research"
http://wjn.sagepub.com/;Western Journal of Nursing Research: An International Forum for Communicating Nursing Research
http://wom.sagepub.com/;Word of Mouth
http://wox.sagepub.com/;Work and Occupations: An International Sociological Journal
http://wes.sagepub.com/;Work, Employment and Society
http://whs.sagepub.com/;"Workplace Health &amp; Safety"
http://wfr.sagepub.com/;World Future Review
http://pch.sagepub.com/;World Journal for Pediatric and Congenital Heart Surgery
http://wpj.sagepub.com/;World Policy Journal
http://wcx.sagepub.com/;Written Communication: An International Quarterly of Research, Theory, and Application
http://you.sagepub.com/;Young
http://yec.sagepub.com/;Young Exceptional Children
http://yas.sagepub.com/;"Youth &amp; Society"
http://yjj.sagepub.com/;Youth Justice: An International Journal
http://yvj.sagepub.com/;Youth Violence and Juvenile Justice
