http://onlinelibrary.wiley.com/doi/10.1002/(SICI)1520-6394(1996)4:6<294::AID-DA6>3.0.CO;2-C/full
http://onlinelibrary.wiley.com/doi/10.1002/da.22240/full
http://onlinelibrary.wiley.com/doi/10.1002/da.22267/full
http://onlinelibrary.wiley.com/doi/10.1002/da.22269/full
http://onlinelibrary.wiley.com/doi/10.1002/da.22275/full
http://onlinelibrary.wiley.com/doi/10.1002/da.22288/full
http://onlinelibrary.wiley.com/doi/10.1002/da.22316/full
http://onlinelibrary.wiley.com/doi/10.1002/da.22317/full
http://onlinelibrary.wiley.com/doi/10.1002/da.22324/full
http://onlinelibrary.wiley.com/doi/10.1002/da.22343/full
http://onlinelibrary.wiley.com/doi/10.1002/da.22240/full
http://onlinelibrary.wiley.com/doi/10.1002/da.22267/full
http://onlinelibrary.wiley.com/doi/10.1002/da.22269/full
http://onlinelibrary.wiley.com/doi/10.1002/da.22275/full
http://onlinelibrary.wiley.com/doi/10.1002/da.22288/full
http://onlinelibrary.wiley.com/doi/10.1002/da.22316/full
http://onlinelibrary.wiley.com/doi/10.1002/da.22317/full
http://onlinelibrary.wiley.com/doi/10.1002/da.22324/full
http://onlinelibrary.wiley.com/doi/10.1002/da.22343/full
http://onlinelibrary.wiley.com/doi/10.1002/da.22240/full
http://onlinelibrary.wiley.com/doi/10.1002/da.22267/full
http://onlinelibrary.wiley.com/doi/10.1002/da.22269/full
http://onlinelibrary.wiley.com/doi/10.1002/da.22275/full
http://onlinelibrary.wiley.com/doi/10.1002/da.22288/full
http://onlinelibrary.wiley.com/doi/10.1002/da.22316/full
http://onlinelibrary.wiley.com/doi/10.1002/da.22317/full
http://onlinelibrary.wiley.com/doi/10.1002/da.22324/full
http://onlinelibrary.wiley.com/doi/10.1002/da.22343/full
http://onlinelibrary.wiley.com/doi/10.1002/da.22240/full
http://onlinelibrary.wiley.com/doi/10.1002/da.22267/full
http://onlinelibrary.wiley.com/doi/10.1002/da.22269/full
http://onlinelibrary.wiley.com/doi/10.1002/da.22275/full
http://onlinelibrary.wiley.com/doi/10.1002/da.22288/full
http://onlinelibrary.wiley.com/doi/10.1002/da.22316/full
http://onlinelibrary.wiley.com/doi/10.1002/da.22317/full
http://onlinelibrary.wiley.com/doi/10.1002/da.22324/full
http://onlinelibrary.wiley.com/doi/10.1002/da.22343/full
http://onlinelibrary.wiley.com/doi/10.1002/da.22240/full
http://onlinelibrary.wiley.com/doi/10.1002/da.22267/full
http://onlinelibrary.wiley.com/doi/10.1002/da.22269/full
http://onlinelibrary.wiley.com/doi/10.1002/da.22275/full
http://onlinelibrary.wiley.com/doi/10.1002/da.22288/full
http://onlinelibrary.wiley.com/doi/10.1002/da.22316/full
http://onlinelibrary.wiley.com/doi/10.1002/da.22317/full
http://onlinelibrary.wiley.com/doi/10.1002/da.22324/full
http://onlinelibrary.wiley.com/doi/10.1002/da.22343/full
http://onlinelibrary.wiley.com/doi/10.1002/da.22240/full
http://onlinelibrary.wiley.com/doi/10.1002/da.22267/full
http://onlinelibrary.wiley.com/doi/10.1002/da.22269/full
http://onlinelibrary.wiley.com/doi/10.1002/da.22275/full
http://onlinelibrary.wiley.com/doi/10.1002/da.22288/full
http://onlinelibrary.wiley.com/doi/10.1002/da.22316/full
http://onlinelibrary.wiley.com/doi/10.1002/da.22317/full
http://onlinelibrary.wiley.com/doi/10.1002/da.22324/full
http://onlinelibrary.wiley.com/doi/10.1002/da.22343/full
http://onlinelibrary.wiley.com/doi/10.1002/da.22240/full
http://onlinelibrary.wiley.com/doi/10.1002/da.22267/full
http://onlinelibrary.wiley.com/doi/10.1002/da.22269/full
http://onlinelibrary.wiley.com/doi/10.1002/da.22275/full
http://onlinelibrary.wiley.com/doi/10.1002/da.22288/full
http://onlinelibrary.wiley.com/doi/10.1002/da.22316/full
http://onlinelibrary.wiley.com/doi/10.1002/da.22317/full
http://onlinelibrary.wiley.com/doi/10.1002/da.22324/full
http://onlinelibrary.wiley.com/doi/10.1002/da.22343/full
http://onlinelibrary.wiley.com/doi/10.1002/da.22240/full
http://onlinelibrary.wiley.com/doi/10.1002/da.22267/full
http://onlinelibrary.wiley.com/doi/10.1002/da.22269/full
http://onlinelibrary.wiley.com/doi/10.1002/da.22275/full
http://onlinelibrary.wiley.com/doi/10.1002/da.22288/full
http://onlinelibrary.wiley.com/doi/10.1002/da.22316/full
http://onlinelibrary.wiley.com/doi/10.1002/da.22317/full
http://onlinelibrary.wiley.com/doi/10.1002/da.22324/full
http://onlinelibrary.wiley.com/doi/10.1002/da.22343/full
http://onlinelibrary.wiley.com/doi/10.1002/da.22240/full
http://onlinelibrary.wiley.com/doi/10.1002/da.22267/full
http://onlinelibrary.wiley.com/doi/10.1002/da.22269/full
http://onlinelibrary.wiley.com/doi/10.1002/da.22275/full
http://onlinelibrary.wiley.com/doi/10.1002/da.22288/full
http://onlinelibrary.wiley.com/doi/10.1002/da.22316/full
http://onlinelibrary.wiley.com/doi/10.1002/da.22317/full
http://onlinelibrary.wiley.com/doi/10.1002/da.22324/full
http://onlinelibrary.wiley.com/doi/10.1002/da.22343/full
http://onlinelibrary.wiley.com/doi/10.1002/da.22240/full
http://onlinelibrary.wiley.com/doi/10.1002/da.22267/full
http://onlinelibrary.wiley.com/doi/10.1002/da.22269/full
http://onlinelibrary.wiley.com/doi/10.1002/da.22275/full
http://onlinelibrary.wiley.com/doi/10.1002/da.22288/full
http://onlinelibrary.wiley.com/doi/10.1002/da.22316/full
http://onlinelibrary.wiley.com/doi/10.1002/da.22317/full
http://onlinelibrary.wiley.com/doi/10.1002/da.22324/full
http://onlinelibrary.wiley.com/doi/10.1002/da.22343/full
http://onlinelibrary.wiley.com/doi/10.1002/da.22240/full
http://onlinelibrary.wiley.com/doi/10.1002/da.22267/full
http://onlinelibrary.wiley.com/doi/10.1002/da.22269/full
http://onlinelibrary.wiley.com/doi/10.1002/da.22275/full
http://onlinelibrary.wiley.com/doi/10.1002/da.22288/full
http://onlinelibrary.wiley.com/doi/10.1002/da.22316/full
http://onlinelibrary.wiley.com/doi/10.1002/da.22317/full
http://onlinelibrary.wiley.com/doi/10.1002/da.22324/full
http://onlinelibrary.wiley.com/doi/10.1002/da.22343/full
http://onlinelibrary.wiley.com/doi/10.1002/da.22240/full
http://onlinelibrary.wiley.com/doi/10.1002/da.22267/full
http://onlinelibrary.wiley.com/doi/10.1002/da.22269/full
http://onlinelibrary.wiley.com/doi/10.1002/da.22275/full
http://onlinelibrary.wiley.com/doi/10.1002/da.22288/full
http://onlinelibrary.wiley.com/doi/10.1002/da.22316/full
http://onlinelibrary.wiley.com/doi/10.1002/da.22317/full
http://onlinelibrary.wiley.com/doi/10.1002/da.22324/full
http://onlinelibrary.wiley.com/doi/10.1002/da.22343/full
http://onlinelibrary.wiley.com/doi/10.1002/da.22240/full
http://onlinelibrary.wiley.com/doi/10.1002/da.22267/full
http://onlinelibrary.wiley.com/doi/10.1002/da.22269/full
http://onlinelibrary.wiley.com/doi/10.1002/da.22275/full
http://onlinelibrary.wiley.com/doi/10.1002/da.22288/full
http://onlinelibrary.wiley.com/doi/10.1002/da.22316/full
http://onlinelibrary.wiley.com/doi/10.1002/da.22317/full
http://onlinelibrary.wiley.com/doi/10.1002/da.22324/full
http://onlinelibrary.wiley.com/doi/10.1002/da.22343/full
http://onlinelibrary.wiley.com/doi/10.1002/da.20367/full
http://onlinelibrary.wiley.com/doi/10.1002/da.20373/full
http://onlinelibrary.wiley.com/doi/10.1002/da.20376/full
http://onlinelibrary.wiley.com/doi/10.1002/da.20377/full
http://onlinelibrary.wiley.com/doi/10.1002/da.20387/full
http://onlinelibrary.wiley.com/doi/10.1002/da.20389/full
http://onlinelibrary.wiley.com/doi/10.1002/da.20392/full
http://onlinelibrary.wiley.com/doi/10.1002/da.20399/full
http://onlinelibrary.wiley.com/doi/10.1002/da.20400/full
http://onlinelibrary.wiley.com/doi/10.1002/da.20401/full
http://onlinelibrary.wiley.com/doi/10.1002/da.20404/full
http://onlinelibrary.wiley.com/doi/10.1002/da.20406/full
http://onlinelibrary.wiley.com/doi/10.1002/da.20415/full
http://onlinelibrary.wiley.com/doi/10.1002/da.20427/full
http://onlinelibrary.wiley.com/doi/10.1002/da.20433/full
http://onlinelibrary.wiley.com/doi/10.1002/da.20440/full
http://onlinelibrary.wiley.com/doi/10.1002/da.20445/full
http://onlinelibrary.wiley.com/doi/10.1002/da.20536/full
http://onlinelibrary.wiley.com/doi/10.1002/da.20344/full
http://onlinelibrary.wiley.com/doi/10.1002/da.20368/full
http://onlinelibrary.wiley.com/doi/10.1002/da.20380/full
http://onlinelibrary.wiley.com/doi/10.1002/da.20408/full
http://onlinelibrary.wiley.com/doi/10.1002/da.20429/full
http://onlinelibrary.wiley.com/doi/10.1002/da.20431/full
http://onlinelibrary.wiley.com/doi/10.1002/da.20434/full
http://onlinelibrary.wiley.com/doi/10.1002/da.20435/full
http://onlinelibrary.wiley.com/doi/10.1002/da.20438/full
http://onlinelibrary.wiley.com/doi/10.1002/da.20441/full
http://onlinelibrary.wiley.com/doi/10.1002/da.20442/full
http://onlinelibrary.wiley.com/doi/10.1002/da.20447/full
http://onlinelibrary.wiley.com/doi/10.1002/da.20452/full
http://onlinelibrary.wiley.com/doi/10.1002/da.20458/full
http://onlinelibrary.wiley.com/doi/10.1002/da.20463/full
http://onlinelibrary.wiley.com/doi/10.1002/da.20467/full
http://onlinelibrary.wiley.com/doi/10.1002/da.20482/full
http://onlinelibrary.wiley.com/doi/10.1002/da.20540/full
http://onlinelibrary.wiley.com/doi/10.1002/da.22240/full
http://onlinelibrary.wiley.com/doi/10.1002/da.22267/full
http://onlinelibrary.wiley.com/doi/10.1002/da.22269/full
http://onlinelibrary.wiley.com/doi/10.1002/da.22275/full
http://onlinelibrary.wiley.com/doi/10.1002/da.22288/full
http://onlinelibrary.wiley.com/doi/10.1002/da.22316/full
http://onlinelibrary.wiley.com/doi/10.1002/da.22317/full
http://onlinelibrary.wiley.com/doi/10.1002/da.22324/full
http://onlinelibrary.wiley.com/doi/10.1002/da.22343/full
http://onlinelibrary.wiley.com/doi/10.1002/da.20420/full
http://onlinelibrary.wiley.com/doi/10.1002/da.20436/full
http://onlinelibrary.wiley.com/doi/10.1002/da.20448/full
http://onlinelibrary.wiley.com/doi/10.1002/da.20456/full
http://onlinelibrary.wiley.com/doi/10.1002/da.20457/full
http://onlinelibrary.wiley.com/doi/10.1002/da.20470/full
http://onlinelibrary.wiley.com/doi/10.1002/da.20472/full
http://onlinelibrary.wiley.com/doi/10.1002/da.20476/full
http://onlinelibrary.wiley.com/doi/10.1002/da.20477/full
http://onlinelibrary.wiley.com/doi/10.1002/da.20498/full
http://onlinelibrary.wiley.com/doi/10.1002/da.20503/full
http://onlinelibrary.wiley.com/doi/10.1002/da.20505/full
http://onlinelibrary.wiley.com/doi/10.1002/da.20506/full
http://onlinelibrary.wiley.com/doi/10.1002/da.20507/full
http://onlinelibrary.wiley.com/doi/10.1002/da.20511/full
http://onlinelibrary.wiley.com/doi/10.1002/da.20517/full
http://onlinelibrary.wiley.com/doi/10.1002/da.20520/full
http://onlinelibrary.wiley.com/doi/10.1002/da.20521/full
http://onlinelibrary.wiley.com/doi/10.1002/da.20534/full
http://onlinelibrary.wiley.com/doi/10.1002/da.20465/full
http://onlinelibrary.wiley.com/doi/10.1002/da.20485/full
http://onlinelibrary.wiley.com/doi/10.1002/da.20508/full
http://onlinelibrary.wiley.com/doi/10.1002/da.20532/full
http://onlinelibrary.wiley.com/doi/10.1002/da.20578/full
http://onlinelibrary.wiley.com/doi/10.1002/da.20593/full
http://onlinelibrary.wiley.com/doi/10.1002/da.20600/full
http://onlinelibrary.wiley.com/doi/10.1002/da.20603/full
http://onlinelibrary.wiley.com/doi/10.1002/da.20606/full
http://onlinelibrary.wiley.com/doi/10.1002/da.20607/full
http://onlinelibrary.wiley.com/doi/10.1002/da.20614/full
http://onlinelibrary.wiley.com/doi/10.1002/da.20617/full
http://onlinelibrary.wiley.com/doi/10.1002/da.20413/full
http://onlinelibrary.wiley.com/doi/10.1002/da.20516/full
http://onlinelibrary.wiley.com/doi/10.1002/da.20524/full
http://onlinelibrary.wiley.com/doi/10.1002/da.20597/full
http://onlinelibrary.wiley.com/doi/10.1002/da.20599/full
http://onlinelibrary.wiley.com/doi/10.1002/da.20604/full
http://onlinelibrary.wiley.com/doi/10.1002/da.20605/full
http://onlinelibrary.wiley.com/doi/10.1002/da.20611/full
http://onlinelibrary.wiley.com/doi/10.1002/da.20615/full
http://onlinelibrary.wiley.com/doi/10.1002/da.20623/full
http://onlinelibrary.wiley.com/doi/10.1002/da.20627/full
http://onlinelibrary.wiley.com/doi/10.1002/da.20628/full
http://onlinelibrary.wiley.com/doi/10.1002/da.20630/full
http://onlinelibrary.wiley.com/doi/10.1002/da.20608/full
http://onlinelibrary.wiley.com/doi/10.1002/da.20612/full
http://onlinelibrary.wiley.com/doi/10.1002/da.20618/full
http://onlinelibrary.wiley.com/doi/10.1002/da.20621/full
http://onlinelibrary.wiley.com/doi/10.1002/da.20624/full
http://onlinelibrary.wiley.com/doi/10.1002/da.20625/full
http://onlinelibrary.wiley.com/doi/10.1002/da.20629/full
http://onlinelibrary.wiley.com/doi/10.1002/da.20631/full
http://onlinelibrary.wiley.com/doi/10.1002/da.20633/full
http://onlinelibrary.wiley.com/doi/10.1002/da.20635/full
http://onlinelibrary.wiley.com/doi/10.1002/da.20637/full
http://onlinelibrary.wiley.com/doi/10.1002/da.20643/full
http://onlinelibrary.wiley.com/doi/10.1002/da.20644/full
http://onlinelibrary.wiley.com/doi/10.1002/da.20414/full
http://onlinelibrary.wiley.com/doi/10.1002/da.20428/full
http://onlinelibrary.wiley.com/doi/10.1002/da.20446/full
http://onlinelibrary.wiley.com/doi/10.1002/da.20450/full
http://onlinelibrary.wiley.com/doi/10.1002/da.20466/full
http://onlinelibrary.wiley.com/doi/10.1002/da.20479/full
http://onlinelibrary.wiley.com/doi/10.1002/da.20480/full
http://onlinelibrary.wiley.com/doi/10.1002/da.20483/full
http://onlinelibrary.wiley.com/doi/10.1002/da.20502/full
http://onlinelibrary.wiley.com/doi/10.1002/da.20504/full
http://onlinelibrary.wiley.com/doi/10.1002/da.20509/full
http://onlinelibrary.wiley.com/doi/10.1002/da.20513/full
http://onlinelibrary.wiley.com/doi/10.1002/da.20515/full
http://onlinelibrary.wiley.com/doi/10.1002/da.20523/full
http://onlinelibrary.wiley.com/doi/10.1002/da.20525/full
http://onlinelibrary.wiley.com/doi/10.1002/da.20535/full
http://onlinelibrary.wiley.com/doi/10.1002/da.20545/full
http://onlinelibrary.wiley.com/doi/10.1002/da.20547/full
http://onlinelibrary.wiley.com/doi/10.1002/da.20548/full
http://onlinelibrary.wiley.com/doi/10.1002/da.20550/full
http://onlinelibrary.wiley.com/doi/10.1002/da.20323/full
http://onlinelibrary.wiley.com/doi/10.1002/da.20390/full
http://onlinelibrary.wiley.com/doi/10.1002/da.20454/full
http://onlinelibrary.wiley.com/doi/10.1002/da.20460/full
http://onlinelibrary.wiley.com/doi/10.1002/da.20514/full
http://onlinelibrary.wiley.com/doi/10.1002/da.20519/full
http://onlinelibrary.wiley.com/doi/10.1002/da.20533/full
http://onlinelibrary.wiley.com/doi/10.1002/da.20538/full
http://onlinelibrary.wiley.com/doi/10.1002/da.20542/full
http://onlinelibrary.wiley.com/doi/10.1002/da.20544/full
http://onlinelibrary.wiley.com/doi/10.1002/da.20549/full
http://onlinelibrary.wiley.com/doi/10.1002/da.20551/full
http://onlinelibrary.wiley.com/doi/10.1002/da.20556/full
http://onlinelibrary.wiley.com/doi/10.1002/da.20385/full
http://onlinelibrary.wiley.com/doi/10.1002/da.20423/full
http://onlinelibrary.wiley.com/doi/10.1002/da.20459/full
http://onlinelibrary.wiley.com/doi/10.1002/da.20469/full
http://onlinelibrary.wiley.com/doi/10.1002/da.20475/full
http://onlinelibrary.wiley.com/doi/10.1002/da.20478/full
http://onlinelibrary.wiley.com/doi/10.1002/da.20527/full
http://onlinelibrary.wiley.com/doi/10.1002/da.20528/full
http://onlinelibrary.wiley.com/doi/10.1002/da.20539/full
http://onlinelibrary.wiley.com/doi/10.1002/da.20560/full
http://onlinelibrary.wiley.com/doi/10.1002/da.20562/full
http://onlinelibrary.wiley.com/doi/10.1002/da.20563/full
http://onlinelibrary.wiley.com/doi/10.1002/da.20384/full
http://onlinelibrary.wiley.com/doi/10.1002/da.20417/full
http://onlinelibrary.wiley.com/doi/10.1002/da.20418/full
http://onlinelibrary.wiley.com/doi/10.1002/da.20453/full
http://onlinelibrary.wiley.com/doi/10.1002/da.20474/full
http://onlinelibrary.wiley.com/doi/10.1002/da.20526/full
http://onlinelibrary.wiley.com/doi/10.1002/da.20531/full
http://onlinelibrary.wiley.com/doi/10.1002/da.20543/full
http://onlinelibrary.wiley.com/doi/10.1002/da.20555/full
http://onlinelibrary.wiley.com/doi/10.1002/da.20564/full
http://onlinelibrary.wiley.com/doi/10.1002/da.20565/full
http://onlinelibrary.wiley.com/doi/10.1002/da.20572/full
http://onlinelibrary.wiley.com/doi/10.1002/da.20397/full
http://onlinelibrary.wiley.com/doi/10.1002/da.20412/full
http://onlinelibrary.wiley.com/doi/10.1002/da.20421/full
http://onlinelibrary.wiley.com/doi/10.1002/da.20422/full
http://onlinelibrary.wiley.com/doi/10.1002/da.20437/full
http://onlinelibrary.wiley.com/doi/10.1002/da.20443/full
http://onlinelibrary.wiley.com/doi/10.1002/da.20451/full
http://onlinelibrary.wiley.com/doi/10.1002/da.20462/full
http://onlinelibrary.wiley.com/doi/10.1002/da.20464/full
http://onlinelibrary.wiley.com/doi/10.1002/da.20471/full
http://onlinelibrary.wiley.com/doi/10.1002/da.20522/full
http://onlinelibrary.wiley.com/doi/10.1002/da.20537/full
http://onlinelibrary.wiley.com/doi/10.1002/da.20576/full
http://onlinelibrary.wiley.com/doi/10.1002/da.20581/full
http://onlinelibrary.wiley.com/doi/10.1002/da.20582/full
http://onlinelibrary.wiley.com/doi/10.1002/da.20486/full
http://onlinelibrary.wiley.com/doi/10.1002/da.20541/full
http://onlinelibrary.wiley.com/doi/10.1002/da.20546/full
http://onlinelibrary.wiley.com/doi/10.1002/da.20552/full
http://onlinelibrary.wiley.com/doi/10.1002/da.20561/full
http://onlinelibrary.wiley.com/doi/10.1002/da.20566/full
http://onlinelibrary.wiley.com/doi/10.1002/da.20568/full
http://onlinelibrary.wiley.com/doi/10.1002/da.20579/full
http://onlinelibrary.wiley.com/doi/10.1002/da.20584/full
http://onlinelibrary.wiley.com/doi/10.1002/da.20585/full
http://onlinelibrary.wiley.com/doi/10.1002/da.20586/full
http://onlinelibrary.wiley.com/doi/10.1002/da.20589/full
http://onlinelibrary.wiley.com/doi/10.1002/da.20591/full
http://onlinelibrary.wiley.com/doi/10.1002/da.20405/full
http://onlinelibrary.wiley.com/doi/10.1002/da.20407/full
http://onlinelibrary.wiley.com/doi/10.1002/da.20430/full
http://onlinelibrary.wiley.com/doi/10.1002/da.20455/full
http://onlinelibrary.wiley.com/doi/10.1002/da.20461/full
http://onlinelibrary.wiley.com/doi/10.1002/da.20512/full
http://onlinelibrary.wiley.com/doi/10.1002/da.20518/full
http://onlinelibrary.wiley.com/doi/10.1002/da.20558/full
http://onlinelibrary.wiley.com/doi/10.1002/da.20571/full
http://onlinelibrary.wiley.com/doi/10.1002/da.20574/full
http://onlinelibrary.wiley.com/doi/10.1002/da.20575/full
http://onlinelibrary.wiley.com/doi/10.1002/da.20577/full
http://onlinelibrary.wiley.com/doi/10.1002/da.20583/full
http://onlinelibrary.wiley.com/doi/10.1002/da.20587/full
http://onlinelibrary.wiley.com/doi/10.1002/da.20588/full
http://onlinelibrary.wiley.com/doi/10.1002/da.20590/full
http://onlinelibrary.wiley.com/doi/10.1002/da.20594/full
http://onlinelibrary.wiley.com/doi/10.1002/da.20439/full
http://onlinelibrary.wiley.com/doi/10.1002/da.20473/full
http://onlinelibrary.wiley.com/doi/10.1002/da.20481/full
http://onlinelibrary.wiley.com/doi/10.1002/da.20484/full
http://onlinelibrary.wiley.com/doi/10.1002/da.20557/full
http://onlinelibrary.wiley.com/doi/10.1002/da.20567/full
http://onlinelibrary.wiley.com/doi/10.1002/da.20569/full
http://onlinelibrary.wiley.com/doi/10.1002/da.20570/full
http://onlinelibrary.wiley.com/doi/10.1002/da.20573/full
http://onlinelibrary.wiley.com/doi/10.1002/da.20592/full
http://onlinelibrary.wiley.com/doi/10.1002/da.20595/full
http://onlinelibrary.wiley.com/doi/10.1002/da.22240/full
http://onlinelibrary.wiley.com/doi/10.1002/da.22267/full
http://onlinelibrary.wiley.com/doi/10.1002/da.22269/full
http://onlinelibrary.wiley.com/doi/10.1002/da.22275/full
http://onlinelibrary.wiley.com/doi/10.1002/da.22288/full
http://onlinelibrary.wiley.com/doi/10.1002/da.22316/full
http://onlinelibrary.wiley.com/doi/10.1002/da.22317/full
http://onlinelibrary.wiley.com/doi/10.1002/da.22324/full
http://onlinelibrary.wiley.com/doi/10.1002/da.22343/full
http://onlinelibrary.wiley.com/doi/10.1002/da.20746/full
http://onlinelibrary.wiley.com/doi/10.1002/da.20748/full
http://onlinelibrary.wiley.com/doi/10.1002/da.20749/full
http://onlinelibrary.wiley.com/doi/10.1002/da.20751/full
http://onlinelibrary.wiley.com/doi/10.1002/da.20755/full
http://onlinelibrary.wiley.com/doi/10.1002/da.20759/full
http://onlinelibrary.wiley.com/doi/10.1002/da.20761/full
http://onlinelibrary.wiley.com/doi/10.1002/da.20762/full
http://onlinelibrary.wiley.com/doi/10.1002/da.20763/full
http://onlinelibrary.wiley.com/doi/10.1002/da.20765/full
http://onlinelibrary.wiley.com/doi/10.1002/da.20771/full
http://onlinelibrary.wiley.com/doi/10.1002/da.20580/full
http://onlinelibrary.wiley.com/doi/10.1002/da.20596/full
http://onlinelibrary.wiley.com/doi/10.1002/da.20598/full
http://onlinelibrary.wiley.com/doi/10.1002/da.20601/full
http://onlinelibrary.wiley.com/doi/10.1002/da.20610/full
http://onlinelibrary.wiley.com/doi/10.1002/da.20613/full
http://onlinelibrary.wiley.com/doi/10.1002/da.20619/full
http://onlinelibrary.wiley.com/doi/10.1002/da.20620/full
http://onlinelibrary.wiley.com/doi/10.1002/da.20632/full
http://onlinelibrary.wiley.com/doi/10.1002/da.20636/full
http://onlinelibrary.wiley.com/doi/10.1002/da.20640/full
http://onlinelibrary.wiley.com/doi/10.1002/da.20641/full
http://onlinelibrary.wiley.com/doi/10.1002/da.20652/full
http://onlinelibrary.wiley.com/doi/10.1002/da.20702/full
http://onlinelibrary.wiley.com/doi/10.1002/da.20710/full
http://onlinelibrary.wiley.com/doi/10.1002/da.20724/full
http://onlinelibrary.wiley.com/doi/10.1002/da.20731/full
http://onlinelibrary.wiley.com/doi/10.1002/da.20732/full
http://onlinelibrary.wiley.com/doi/10.1002/da.20734/full
http://onlinelibrary.wiley.com/doi/10.1002/da.20735/full
http://onlinelibrary.wiley.com/doi/10.1002/da.20740/full
http://onlinelibrary.wiley.com/doi/10.1002/da.20741/full
http://onlinelibrary.wiley.com/doi/10.1002/da.20750/full
http://onlinelibrary.wiley.com/doi/10.1002/da.20752/full
http://onlinelibrary.wiley.com/doi/10.1002/da.20716/full
http://onlinelibrary.wiley.com/doi/10.1002/da.20717/full
http://onlinelibrary.wiley.com/doi/10.1002/da.20721/full
http://onlinelibrary.wiley.com/doi/10.1002/da.20722/full
http://onlinelibrary.wiley.com/doi/10.1002/da.20723/full
http://onlinelibrary.wiley.com/doi/10.1002/da.20725/full
http://onlinelibrary.wiley.com/doi/10.1002/da.20728/full
http://onlinelibrary.wiley.com/doi/10.1002/da.20730/full
http://onlinelibrary.wiley.com/doi/10.1002/da.20738/full
http://onlinelibrary.wiley.com/doi/10.1002/da.20739/full
http://onlinelibrary.wiley.com/doi/10.1002/da.20742/full
http://onlinelibrary.wiley.com/doi/10.1002/da.20646/full
http://onlinelibrary.wiley.com/doi/10.1002/da.20647/full
http://onlinelibrary.wiley.com/doi/10.1002/da.20653/full
http://onlinelibrary.wiley.com/doi/10.1002/da.20654/full
http://onlinelibrary.wiley.com/doi/10.1002/da.20655/full
http://onlinelibrary.wiley.com/doi/10.1002/da.20658/full
http://onlinelibrary.wiley.com/doi/10.1002/da.20670/full
http://onlinelibrary.wiley.com/doi/10.1002/da.20678/full
http://onlinelibrary.wiley.com/doi/10.1002/da.20510/full
http://onlinelibrary.wiley.com/doi/10.1002/da.20602/full
http://onlinelibrary.wiley.com/doi/10.1002/da.20609/full
http://onlinelibrary.wiley.com/doi/10.1002/da.20648/full
http://onlinelibrary.wiley.com/doi/10.1002/da.20649/full
http://onlinelibrary.wiley.com/doi/10.1002/da.20651/full
http://onlinelibrary.wiley.com/doi/10.1002/da.20659/full
http://onlinelibrary.wiley.com/doi/10.1002/da.20660/full
http://onlinelibrary.wiley.com/doi/10.1002/da.20662/full
http://onlinelibrary.wiley.com/doi/10.1002/da.20663/full
http://onlinelibrary.wiley.com/doi/10.1002/da.20679/full
http://onlinelibrary.wiley.com/doi/10.1002/da.20680/full
http://onlinelibrary.wiley.com/doi/10.1002/da.20682/full
http://onlinelibrary.wiley.com/doi/10.1002/da.20622/full
http://onlinelibrary.wiley.com/doi/10.1002/da.20626/full
http://onlinelibrary.wiley.com/doi/10.1002/da.20634/full
http://onlinelibrary.wiley.com/doi/10.1002/da.20638/full
http://onlinelibrary.wiley.com/doi/10.1002/da.20639/full
http://onlinelibrary.wiley.com/doi/10.1002/da.20642/full
http://onlinelibrary.wiley.com/doi/10.1002/da.20645/full
http://onlinelibrary.wiley.com/doi/10.1002/da.20683/full
http://onlinelibrary.wiley.com/doi/10.1002/da.20686/full
http://onlinelibrary.wiley.com/doi/10.1002/da.20661/full
http://onlinelibrary.wiley.com/doi/10.1002/da.20664/full
http://onlinelibrary.wiley.com/doi/10.1002/da.20668/full
http://onlinelibrary.wiley.com/doi/10.1002/da.20671/full
http://onlinelibrary.wiley.com/doi/10.1002/da.20672/full
http://onlinelibrary.wiley.com/doi/10.1002/da.20673/full
http://onlinelibrary.wiley.com/doi/10.1002/da.20685/full
http://onlinelibrary.wiley.com/doi/10.1002/da.20689/full
http://onlinelibrary.wiley.com/doi/10.1002/da.20694/full
http://onlinelibrary.wiley.com/doi/10.1002/da.20695/full
http://onlinelibrary.wiley.com/doi/10.1002/da.20696/full
http://onlinelibrary.wiley.com/doi/10.1002/da.20669/full
http://onlinelibrary.wiley.com/doi/10.1002/da.20688/full
http://onlinelibrary.wiley.com/doi/10.1002/da.20693/full
http://onlinelibrary.wiley.com/doi/10.1002/da.20699/full
http://onlinelibrary.wiley.com/doi/10.1002/da.20700/full
http://onlinelibrary.wiley.com/doi/10.1002/da.20705/full
http://onlinelibrary.wiley.com/doi/10.1002/da.20709/full
http://onlinelibrary.wiley.com/doi/10.1002/da.20711/full
http://onlinelibrary.wiley.com/doi/10.1002/da.20650/full
http://onlinelibrary.wiley.com/doi/10.1002/da.20657/full
http://onlinelibrary.wiley.com/doi/10.1002/da.20687/full
http://onlinelibrary.wiley.com/doi/10.1002/da.20691/full
http://onlinelibrary.wiley.com/doi/10.1002/da.20692/full
http://onlinelibrary.wiley.com/doi/10.1002/da.20697/full
http://onlinelibrary.wiley.com/doi/10.1002/da.20706/full
http://onlinelibrary.wiley.com/doi/10.1002/da.20707/full
http://onlinelibrary.wiley.com/doi/10.1002/da.20718/full
http://onlinelibrary.wiley.com/doi/10.1002/da.20656/full
http://onlinelibrary.wiley.com/doi/10.1002/da.20667/full
http://onlinelibrary.wiley.com/doi/10.1002/da.20675/full
http://onlinelibrary.wiley.com/doi/10.1002/da.20677/full
http://onlinelibrary.wiley.com/doi/10.1002/da.20681/full
http://onlinelibrary.wiley.com/doi/10.1002/da.20708/full
http://onlinelibrary.wiley.com/doi/10.1002/da.20714/full
http://onlinelibrary.wiley.com/doi/10.1002/da.20715/full
http://onlinelibrary.wiley.com/doi/10.1002/da.20719/full
http://onlinelibrary.wiley.com/doi/10.1002/da.20726/full
http://onlinelibrary.wiley.com/doi/10.1002/da.20729/full
http://onlinelibrary.wiley.com/doi/10.1002/da.20665/full
http://onlinelibrary.wiley.com/doi/10.1002/da.20666/full
http://onlinelibrary.wiley.com/doi/10.1002/da.20674/full
http://onlinelibrary.wiley.com/doi/10.1002/da.20676/full
http://onlinelibrary.wiley.com/doi/10.1002/da.20684/full
http://onlinelibrary.wiley.com/doi/10.1002/da.20690/full
http://onlinelibrary.wiley.com/doi/10.1002/da.20698/full
http://onlinelibrary.wiley.com/doi/10.1002/da.20701/full
http://onlinelibrary.wiley.com/doi/10.1002/da.20703/full
http://onlinelibrary.wiley.com/doi/10.1002/da.20704/full
http://onlinelibrary.wiley.com/doi/10.1002/da.20712/full
http://onlinelibrary.wiley.com/doi/10.1002/da.20713/full
http://onlinelibrary.wiley.com/doi/10.1002/da.20745/full
http://onlinelibrary.wiley.com/doi/10.1002/da.22240/full
http://onlinelibrary.wiley.com/doi/10.1002/da.22267/full
http://onlinelibrary.wiley.com/doi/10.1002/da.22269/full
http://onlinelibrary.wiley.com/doi/10.1002/da.22275/full
http://onlinelibrary.wiley.com/doi/10.1002/da.22288/full
http://onlinelibrary.wiley.com/doi/10.1002/da.22316/full
http://onlinelibrary.wiley.com/doi/10.1002/da.22317/full
http://onlinelibrary.wiley.com/doi/10.1002/da.22324/full
http://onlinelibrary.wiley.com/doi/10.1002/da.22343/full
http://onlinelibrary.wiley.com/doi/10.1002/da.20727/full
http://onlinelibrary.wiley.com/doi/10.1002/da.20733/full
http://onlinelibrary.wiley.com/doi/10.1002/da.20743/full
http://onlinelibrary.wiley.com/doi/10.1002/da.20744/full
http://onlinelibrary.wiley.com/doi/10.1002/da.20754/full
http://onlinelibrary.wiley.com/doi/10.1002/da.20757/full
http://onlinelibrary.wiley.com/doi/10.1002/da.20760/full
http://onlinelibrary.wiley.com/doi/10.1002/da.20769/full
http://onlinelibrary.wiley.com/doi/10.1002/da.20781/full
http://onlinelibrary.wiley.com/doi/10.1002/da.20783/full
http://onlinelibrary.wiley.com/doi/10.1002/da.20826/full
http://onlinelibrary.wiley.com/doi/10.1002/da.20836/full
http://onlinelibrary.wiley.com/doi/10.1002/da.20846/full
http://onlinelibrary.wiley.com/doi/10.1002/da.20853/full
http://onlinelibrary.wiley.com/doi/10.1002/da.20858/full
http://onlinelibrary.wiley.com/doi/10.1002/da.20859/full
http://onlinelibrary.wiley.com/doi/10.1002/da.20861/full
http://onlinelibrary.wiley.com/doi/10.1002/da.20868/full
http://onlinelibrary.wiley.com/doi/10.1002/da.20869/full
http://onlinelibrary.wiley.com/doi/10.1002/da.20886/full
http://onlinelibrary.wiley.com/doi/10.1002/da.20887/full
http://onlinelibrary.wiley.com/doi/10.1002/da.20899/full
http://onlinelibrary.wiley.com/doi/10.1002/da.20863/full
http://onlinelibrary.wiley.com/doi/10.1002/da.20873/full
http://onlinelibrary.wiley.com/doi/10.1002/da.20877/full
http://onlinelibrary.wiley.com/doi/10.1002/da.20883/full
http://onlinelibrary.wiley.com/doi/10.1002/da.20884/full
http://onlinelibrary.wiley.com/doi/10.1002/da.20885/full
http://onlinelibrary.wiley.com/doi/10.1002/da.20891/full
http://onlinelibrary.wiley.com/doi/10.1002/da.20892/full
http://onlinelibrary.wiley.com/doi/10.1002/da.20894/full
http://onlinelibrary.wiley.com/doi/10.1002/da.20895/full
http://onlinelibrary.wiley.com/doi/10.1002/da.20898/full
http://onlinelibrary.wiley.com/doi/10.1002/da.20906/full
http://onlinelibrary.wiley.com/doi/10.1002/da.20823/full
http://onlinelibrary.wiley.com/doi/10.1002/da.20830/full
http://onlinelibrary.wiley.com/doi/10.1002/da.20840/full
http://onlinelibrary.wiley.com/doi/10.1002/da.20850/full
http://onlinelibrary.wiley.com/doi/10.1002/da.20867/full
http://onlinelibrary.wiley.com/doi/10.1002/da.20872/full
http://onlinelibrary.wiley.com/doi/10.1002/da.20879/full
http://onlinelibrary.wiley.com/doi/10.1002/da.20880/full
http://onlinelibrary.wiley.com/doi/10.1002/da.20903/full
http://onlinelibrary.wiley.com/doi/10.1002/da.20904/full
http://onlinelibrary.wiley.com/doi/10.1002/da.20907/full
http://onlinelibrary.wiley.com/doi/10.1002/da.20920/full
http://onlinelibrary.wiley.com/doi/10.1002/da.20923/full
http://onlinelibrary.wiley.com/doi/10.1002/da.20747/full
http://onlinelibrary.wiley.com/doi/10.1002/da.20756/full
http://onlinelibrary.wiley.com/doi/10.1002/da.20764/full
http://onlinelibrary.wiley.com/doi/10.1002/da.20766/full
http://onlinelibrary.wiley.com/doi/10.1002/da.20768/full
http://onlinelibrary.wiley.com/doi/10.1002/da.20770/full
http://onlinelibrary.wiley.com/doi/10.1002/da.20772/full
http://onlinelibrary.wiley.com/doi/10.1002/da.20775/full
http://onlinelibrary.wiley.com/doi/10.1002/da.20780/full
http://onlinelibrary.wiley.com/doi/10.1002/da.20786/full
http://onlinelibrary.wiley.com/doi/10.1002/da.20773/full
http://onlinelibrary.wiley.com/doi/10.1002/da.20774/full
http://onlinelibrary.wiley.com/doi/10.1002/da.20776/full
http://onlinelibrary.wiley.com/doi/10.1002/da.20777/full
http://onlinelibrary.wiley.com/doi/10.1002/da.20779/full
http://onlinelibrary.wiley.com/doi/10.1002/da.20787/full
http://onlinelibrary.wiley.com/doi/10.1002/da.20788/full
http://onlinelibrary.wiley.com/doi/10.1002/da.20796/full
http://onlinelibrary.wiley.com/doi/10.1002/da.20799/full
http://onlinelibrary.wiley.com/doi/10.1002/da.20802/full
http://onlinelibrary.wiley.com/doi/10.1002/da.20803/full
http://onlinelibrary.wiley.com/doi/10.1002/da.20758/full
http://onlinelibrary.wiley.com/doi/10.1002/da.20778/full
http://onlinelibrary.wiley.com/doi/10.1002/da.20784/full
http://onlinelibrary.wiley.com/doi/10.1002/da.20785/full
http://onlinelibrary.wiley.com/doi/10.1002/da.20789/full
http://onlinelibrary.wiley.com/doi/10.1002/da.20791/full
http://onlinelibrary.wiley.com/doi/10.1002/da.20797/full
http://onlinelibrary.wiley.com/doi/10.1002/da.20800/full
http://onlinelibrary.wiley.com/doi/10.1002/da.20801/full
http://onlinelibrary.wiley.com/doi/10.1002/da.20804/full
http://onlinelibrary.wiley.com/doi/10.1002/da.20810/full
http://onlinelibrary.wiley.com/doi/10.1002/da.20792/full
http://onlinelibrary.wiley.com/doi/10.1002/da.20793/full
http://onlinelibrary.wiley.com/doi/10.1002/da.20794/full
http://onlinelibrary.wiley.com/doi/10.1002/da.20795/full
http://onlinelibrary.wiley.com/doi/10.1002/da.20798/full
http://onlinelibrary.wiley.com/doi/10.1002/da.20806/full
http://onlinelibrary.wiley.com/doi/10.1002/da.20807/full
http://onlinelibrary.wiley.com/doi/10.1002/da.20808/full
http://onlinelibrary.wiley.com/doi/10.1002/da.20809/full
http://onlinelibrary.wiley.com/doi/10.1002/da.20813/full
http://onlinelibrary.wiley.com/doi/10.1002/da.20816/full
http://onlinelibrary.wiley.com/doi/10.1002/da.20790/full
http://onlinelibrary.wiley.com/doi/10.1002/da.20805/full
http://onlinelibrary.wiley.com/doi/10.1002/da.20811/full
http://onlinelibrary.wiley.com/doi/10.1002/da.20812/full
http://onlinelibrary.wiley.com/doi/10.1002/da.20814/full
http://onlinelibrary.wiley.com/doi/10.1002/da.20817/full
http://onlinelibrary.wiley.com/doi/10.1002/da.20818/full
http://onlinelibrary.wiley.com/doi/10.1002/da.20819/full
http://onlinelibrary.wiley.com/doi/10.1002/da.20820/full
http://onlinelibrary.wiley.com/doi/10.1002/da.20824/full
http://onlinelibrary.wiley.com/doi/10.1002/da.20831/full
http://onlinelibrary.wiley.com/doi/10.1002/da.20832/full
http://onlinelibrary.wiley.com/doi/10.1002/da.20833/full
http://onlinelibrary.wiley.com/doi/10.1002/da.20815/full
http://onlinelibrary.wiley.com/doi/10.1002/da.20821/full
http://onlinelibrary.wiley.com/doi/10.1002/da.20822/full
http://onlinelibrary.wiley.com/doi/10.1002/da.20827/full
http://onlinelibrary.wiley.com/doi/10.1002/da.20829/full
http://onlinelibrary.wiley.com/doi/10.1002/da.20835/full
http://onlinelibrary.wiley.com/doi/10.1002/da.20837/full
http://onlinelibrary.wiley.com/doi/10.1002/da.20841/full
http://onlinelibrary.wiley.com/doi/10.1002/da.20843/full
http://onlinelibrary.wiley.com/doi/10.1002/da.20844/full
http://onlinelibrary.wiley.com/doi/10.1002/da.20847/full
http://onlinelibrary.wiley.com/doi/10.1002/da.20849/full
http://onlinelibrary.wiley.com/doi/10.1002/da.20825/full
http://onlinelibrary.wiley.com/doi/10.1002/da.20828/full
http://onlinelibrary.wiley.com/doi/10.1002/da.20834/full
http://onlinelibrary.wiley.com/doi/10.1002/da.20838/full
http://onlinelibrary.wiley.com/doi/10.1002/da.20839/full
http://onlinelibrary.wiley.com/doi/10.1002/da.20842/full
http://onlinelibrary.wiley.com/doi/10.1002/da.20852/full
http://onlinelibrary.wiley.com/doi/10.1002/da.20854/full
http://onlinelibrary.wiley.com/doi/10.1002/da.20856/full
http://onlinelibrary.wiley.com/doi/10.1002/da.20857/full
http://onlinelibrary.wiley.com/doi/10.1002/da.20862/full
http://onlinelibrary.wiley.com/doi/10.1002/da.20864/full
http://onlinelibrary.wiley.com/doi/10.1002/da.20865/full
http://onlinelibrary.wiley.com/doi/10.1002/da.20866/full
http://onlinelibrary.wiley.com/doi/10.1002/da.20736/full
http://onlinelibrary.wiley.com/doi/10.1002/da.20737/full
http://onlinelibrary.wiley.com/doi/10.1002/da.20753/full
http://onlinelibrary.wiley.com/doi/10.1002/da.20767/full
http://onlinelibrary.wiley.com/doi/10.1002/da.20782/full
http://onlinelibrary.wiley.com/doi/10.1002/da.20845/full
http://onlinelibrary.wiley.com/doi/10.1002/da.20874/full
http://onlinelibrary.wiley.com/doi/10.1002/da.20893/full
http://onlinelibrary.wiley.com/doi/10.1002/da.21967/full
http://onlinelibrary.wiley.com/doi/10.1002/da.21971/full
http://onlinelibrary.wiley.com/doi/10.1002/da.21974/full
http://onlinelibrary.wiley.com/doi/10.1002/da.21977/full
http://onlinelibrary.wiley.com/doi/10.1002/da.21983/full
http://onlinelibrary.wiley.com/doi/10.1002/da.21985/full
http://onlinelibrary.wiley.com/doi/10.1002/da.21987/full
http://onlinelibrary.wiley.com/doi/10.1002/da.21995/full
http://onlinelibrary.wiley.com/doi/10.1002/da.21996/full
http://onlinelibrary.wiley.com/doi/10.1002/da.21997/full
http://onlinelibrary.wiley.com/doi/10.1002/da.21954/full
http://onlinelibrary.wiley.com/doi/10.1002/da.21955/full
http://onlinelibrary.wiley.com/doi/10.1002/da.21961/full
http://onlinelibrary.wiley.com/doi/10.1002/da.21968/full
http://onlinelibrary.wiley.com/doi/10.1002/da.21973/full
http://onlinelibrary.wiley.com/doi/10.1002/da.21975/full
http://onlinelibrary.wiley.com/doi/10.1002/da.21976/full
http://onlinelibrary.wiley.com/doi/10.1002/da.21978/full
http://onlinelibrary.wiley.com/doi/10.1002/da.21980/full
http://onlinelibrary.wiley.com/doi/10.1002/da.22009/full
http://onlinelibrary.wiley.com/doi/10.1002/da.21981/full
http://onlinelibrary.wiley.com/doi/10.1002/da.21990/full
http://onlinelibrary.wiley.com/doi/10.1002/da.21993/full
http://onlinelibrary.wiley.com/doi/10.1002/da.21994/full
http://onlinelibrary.wiley.com/doi/10.1002/da.21999/full
http://onlinelibrary.wiley.com/doi/10.1002/da.22001/full
http://onlinelibrary.wiley.com/doi/10.1002/da.22008/full
http://onlinelibrary.wiley.com/doi/10.1002/da.22011/full
http://onlinelibrary.wiley.com/doi/10.1002/da.22012/full
http://onlinelibrary.wiley.com/doi/10.1002/da.22026/full
http://onlinelibrary.wiley.com/doi/10.1002/da.22028/full
http://onlinelibrary.wiley.com/doi/10.1002/da.20860/full
http://onlinelibrary.wiley.com/doi/10.1002/da.20870/full
http://onlinelibrary.wiley.com/doi/10.1002/da.20905/full
http://onlinelibrary.wiley.com/doi/10.1002/da.20909/full
http://onlinelibrary.wiley.com/doi/10.1002/da.20910/full
http://onlinelibrary.wiley.com/doi/10.1002/da.20913/full
http://onlinelibrary.wiley.com/doi/10.1002/da.20916/full
http://onlinelibrary.wiley.com/doi/10.1002/da.20917/full
http://onlinelibrary.wiley.com/doi/10.1002/da.20918/full
http://onlinelibrary.wiley.com/doi/10.1002/da.20921/full
http://onlinelibrary.wiley.com/doi/10.1002/da.21912/full
http://onlinelibrary.wiley.com/doi/10.1002/da.20871/full
http://onlinelibrary.wiley.com/doi/10.1002/da.20882/full
http://onlinelibrary.wiley.com/doi/10.1002/da.20900/full
http://onlinelibrary.wiley.com/doi/10.1002/da.20901/full
http://onlinelibrary.wiley.com/doi/10.1002/da.20902/full
http://onlinelibrary.wiley.com/doi/10.1002/da.20908/full
http://onlinelibrary.wiley.com/doi/10.1002/da.20911/full
http://onlinelibrary.wiley.com/doi/10.1002/da.20912/full
http://onlinelibrary.wiley.com/doi/10.1002/da.20915/full
http://onlinelibrary.wiley.com/doi/10.1002/da.21917/full
http://onlinelibrary.wiley.com/doi/10.1002/da.21934/full
http://onlinelibrary.wiley.com/doi/10.1002/da.20897/full
http://onlinelibrary.wiley.com/doi/10.1002/da.20914/full
http://onlinelibrary.wiley.com/doi/10.1002/da.21891/full
http://onlinelibrary.wiley.com/doi/10.1002/da.21913/full
http://onlinelibrary.wiley.com/doi/10.1002/da.21918/full
http://onlinelibrary.wiley.com/doi/10.1002/da.21922/full
http://onlinelibrary.wiley.com/doi/10.1002/da.21925/full
http://onlinelibrary.wiley.com/doi/10.1002/da.21930/full
http://onlinelibrary.wiley.com/doi/10.1002/da.21931/full
http://onlinelibrary.wiley.com/doi/10.1002/da.21935/full
http://onlinelibrary.wiley.com/doi/10.1002/da.20919/full
http://onlinelibrary.wiley.com/doi/10.1002/da.20922/full
http://onlinelibrary.wiley.com/doi/10.1002/da.21888/full
http://onlinelibrary.wiley.com/doi/10.1002/da.21892/full
http://onlinelibrary.wiley.com/doi/10.1002/da.21916/full
http://onlinelibrary.wiley.com/doi/10.1002/da.21921/full
http://onlinelibrary.wiley.com/doi/10.1002/da.21927/full
http://onlinelibrary.wiley.com/doi/10.1002/da.21943/full
http://onlinelibrary.wiley.com/doi/10.1002/da.21947/full
http://onlinelibrary.wiley.com/doi/10.1002/da.21957/full
http://onlinelibrary.wiley.com/doi/10.1002/da.21910/full
http://onlinelibrary.wiley.com/doi/10.1002/da.21939/full
http://onlinelibrary.wiley.com/doi/10.1002/da.21942/full
http://onlinelibrary.wiley.com/doi/10.1002/da.21950/full
http://onlinelibrary.wiley.com/doi/10.1002/da.21951/full
http://onlinelibrary.wiley.com/doi/10.1002/da.21952/full
http://onlinelibrary.wiley.com/doi/10.1002/da.21956/full
http://onlinelibrary.wiley.com/doi/10.1002/da.21958/full
http://onlinelibrary.wiley.com/doi/10.1002/da.21959/full
http://onlinelibrary.wiley.com/doi/10.1002/da.21963/full
http://onlinelibrary.wiley.com/doi/10.1002/da.21890/full
http://onlinelibrary.wiley.com/doi/10.1002/da.21911/full
http://onlinelibrary.wiley.com/doi/10.1002/da.21919/full
http://onlinelibrary.wiley.com/doi/10.1002/da.21924/full
http://onlinelibrary.wiley.com/doi/10.1002/da.21933/full
http://onlinelibrary.wiley.com/doi/10.1002/da.21941/full
http://onlinelibrary.wiley.com/doi/10.1002/da.21945/full
http://onlinelibrary.wiley.com/doi/10.1002/da.21948/full
http://onlinelibrary.wiley.com/doi/10.1002/da.21953/full
http://onlinelibrary.wiley.com/doi/10.1002/da.21992/full
http://onlinelibrary.wiley.com/doi/10.1002/da.22240/full
http://onlinelibrary.wiley.com/doi/10.1002/da.22267/full
http://onlinelibrary.wiley.com/doi/10.1002/da.22269/full
http://onlinelibrary.wiley.com/doi/10.1002/da.22275/full
http://onlinelibrary.wiley.com/doi/10.1002/da.22288/full
http://onlinelibrary.wiley.com/doi/10.1002/da.22316/full
http://onlinelibrary.wiley.com/doi/10.1002/da.22317/full
http://onlinelibrary.wiley.com/doi/10.1002/da.22324/full
http://onlinelibrary.wiley.com/doi/10.1002/da.22343/full
http://onlinelibrary.wiley.com/doi/10.1002/da.20848/full
http://onlinelibrary.wiley.com/doi/10.1002/da.20851/full
http://onlinelibrary.wiley.com/doi/10.1002/da.20855/full
http://onlinelibrary.wiley.com/doi/10.1002/da.20875/full
http://onlinelibrary.wiley.com/doi/10.1002/da.20876/full
http://onlinelibrary.wiley.com/doi/10.1002/da.20878/full
http://onlinelibrary.wiley.com/doi/10.1002/da.20881/full
http://onlinelibrary.wiley.com/doi/10.1002/da.20888/full
http://onlinelibrary.wiley.com/doi/10.1002/da.20889/full
http://onlinelibrary.wiley.com/doi/10.1002/da.20890/full
http://onlinelibrary.wiley.com/doi/10.1002/da.20896/full
http://onlinelibrary.wiley.com/doi/10.1002/da.21914/full
http://onlinelibrary.wiley.com/doi/10.1002/da.21915/full
http://onlinelibrary.wiley.com/doi/10.1002/da.21923/full
http://onlinelibrary.wiley.com/doi/10.1002/da.21929/full
http://onlinelibrary.wiley.com/doi/10.1002/da.21937/full
http://onlinelibrary.wiley.com/doi/10.1002/da.21940/full
http://onlinelibrary.wiley.com/doi/10.1002/da.21949/full
http://onlinelibrary.wiley.com/doi/10.1002/da.21960/full
http://onlinelibrary.wiley.com/doi/10.1002/da.21962/full
http://onlinelibrary.wiley.com/doi/10.1002/da.21964/full
http://onlinelibrary.wiley.com/doi/10.1002/da.21969/full
http://onlinelibrary.wiley.com/doi/10.1002/da.21970/full
http://onlinelibrary.wiley.com/doi/10.1002/da.21972/full
http://onlinelibrary.wiley.com/doi/10.1002/da.21979/full
http://onlinelibrary.wiley.com/doi/10.1002/da.21889/full
http://onlinelibrary.wiley.com/doi/10.1002/da.21920/full
http://onlinelibrary.wiley.com/doi/10.1002/da.21926/full
http://onlinelibrary.wiley.com/doi/10.1002/da.21932/full
http://onlinelibrary.wiley.com/doi/10.1002/da.21936/full
http://onlinelibrary.wiley.com/doi/10.1002/da.21938/full
http://onlinelibrary.wiley.com/doi/10.1002/da.21944/full
http://onlinelibrary.wiley.com/doi/10.1002/da.21946/full
http://onlinelibrary.wiley.com/doi/10.1002/da.21965/full
http://onlinelibrary.wiley.com/doi/10.1002/da.21984/full
http://onlinelibrary.wiley.com/doi/10.1002/da.21966/full
http://onlinelibrary.wiley.com/doi/10.1002/da.21982/full
http://onlinelibrary.wiley.com/doi/10.1002/da.21986/full
http://onlinelibrary.wiley.com/doi/10.1002/da.21989/full
http://onlinelibrary.wiley.com/doi/10.1002/da.21998/full
http://onlinelibrary.wiley.com/doi/10.1002/da.22002/full
http://onlinelibrary.wiley.com/doi/10.1002/da.22010/full
http://onlinelibrary.wiley.com/doi/10.1002/da.22015/full
http://onlinelibrary.wiley.com/doi/10.1002/da.22022/full
http://onlinelibrary.wiley.com/doi/10.1002/da.22030/full
http://onlinelibrary.wiley.com/doi/10.1002/da.22035/full
http://onlinelibrary.wiley.com/doi/10.1002/da.22036/full
http://onlinelibrary.wiley.com/doi/10.1002/da.22039/full
http://onlinelibrary.wiley.com/doi/10.1002/da.22049/full
http://onlinelibrary.wiley.com/doi/10.1002/da.22058/full
http://onlinelibrary.wiley.com/doi/10.1002/da.22066/full
http://onlinelibrary.wiley.com/doi/10.1002/da.22071/full
http://onlinelibrary.wiley.com/doi/10.1002/da.22074/full
http://onlinelibrary.wiley.com/doi/10.1002/da.22075/full
http://onlinelibrary.wiley.com/doi/10.1002/da.22088/full
http://onlinelibrary.wiley.com/doi/10.1002/da.22102/full
http://onlinelibrary.wiley.com/doi/10.1002/da.22105/full
http://onlinelibrary.wiley.com/doi/10.1002/da.22107/full
http://onlinelibrary.wiley.com/doi/10.1002/da.22114/full
http://onlinelibrary.wiley.com/doi/10.1002/da.22117/full
http://onlinelibrary.wiley.com/doi/10.1002/da.22135/full
http://onlinelibrary.wiley.com/doi/10.1002/da.22141/full
http://onlinelibrary.wiley.com/doi/10.1002/da.22143/full
http://onlinelibrary.wiley.com/doi/10.1002/da.22160/full
http://onlinelibrary.wiley.com/doi/10.1002/da.22181/full
http://onlinelibrary.wiley.com/doi/10.1002/da.22196/full
http://onlinelibrary.wiley.com/doi/10.1002/da.22203/full
http://onlinelibrary.wiley.com/doi/10.1002/da.22128/full
http://onlinelibrary.wiley.com/doi/10.1002/da.22134/full
http://onlinelibrary.wiley.com/doi/10.1002/da.22136/full
http://onlinelibrary.wiley.com/doi/10.1002/da.22137/full
http://onlinelibrary.wiley.com/doi/10.1002/da.22149/full
http://onlinelibrary.wiley.com/doi/10.1002/da.22165/full
http://onlinelibrary.wiley.com/doi/10.1002/da.22166/full
http://onlinelibrary.wiley.com/doi/10.1002/da.22170/full
http://onlinelibrary.wiley.com/doi/10.1002/da.22180/full
http://onlinelibrary.wiley.com/doi/10.1002/da.22195/full
http://onlinelibrary.wiley.com/doi/10.1002/da.22205/full
http://onlinelibrary.wiley.com/doi/10.1002/da.22207/full
http://onlinelibrary.wiley.com/doi/10.1002/da.22068/full
http://onlinelibrary.wiley.com/doi/10.1002/da.22093/full
http://onlinelibrary.wiley.com/doi/10.1002/da.22113/full
http://onlinelibrary.wiley.com/doi/10.1002/da.22138/full
http://onlinelibrary.wiley.com/doi/10.1002/da.22150/full
http://onlinelibrary.wiley.com/doi/10.1002/da.22158/full
http://onlinelibrary.wiley.com/doi/10.1002/da.22163/full
http://onlinelibrary.wiley.com/doi/10.1002/da.22167/full
http://onlinelibrary.wiley.com/doi/10.1002/da.22176/full
http://onlinelibrary.wiley.com/doi/10.1002/da.22204/full
http://onlinelibrary.wiley.com/doi/10.1002/da.21988/full
http://onlinelibrary.wiley.com/doi/10.1002/da.22003/full
http://onlinelibrary.wiley.com/doi/10.1002/da.22004/full
http://onlinelibrary.wiley.com/doi/10.1002/da.22005/full
http://onlinelibrary.wiley.com/doi/10.1002/da.22017/full
http://onlinelibrary.wiley.com/doi/10.1002/da.22018/full
http://onlinelibrary.wiley.com/doi/10.1002/da.22020/full
http://onlinelibrary.wiley.com/doi/10.1002/da.22024/full
http://onlinelibrary.wiley.com/doi/10.1002/da.22027/full
http://onlinelibrary.wiley.com/doi/10.1002/da.22029/full
http://onlinelibrary.wiley.com/doi/10.1002/da.22031/full
http://onlinelibrary.wiley.com/doi/10.1002/da.21991/full
http://onlinelibrary.wiley.com/doi/10.1002/da.22000/full
http://onlinelibrary.wiley.com/doi/10.1002/da.22014/full
http://onlinelibrary.wiley.com/doi/10.1002/da.22016/full
http://onlinelibrary.wiley.com/doi/10.1002/da.22019/full
http://onlinelibrary.wiley.com/doi/10.1002/da.22025/full
http://onlinelibrary.wiley.com/doi/10.1002/da.22032/full
http://onlinelibrary.wiley.com/doi/10.1002/da.22037/full
http://onlinelibrary.wiley.com/doi/10.1002/da.22038/full
http://onlinelibrary.wiley.com/doi/10.1002/da.22042/full
http://onlinelibrary.wiley.com/doi/10.1002/da.22044/full
http://onlinelibrary.wiley.com/doi/10.1002/da.22056/full
http://onlinelibrary.wiley.com/doi/10.1002/da.22021/full
http://onlinelibrary.wiley.com/doi/10.1002/da.22033/full
http://onlinelibrary.wiley.com/doi/10.1002/da.22043/full
http://onlinelibrary.wiley.com/doi/10.1002/da.22046/full
http://onlinelibrary.wiley.com/doi/10.1002/da.22051/full
http://onlinelibrary.wiley.com/doi/10.1002/da.22076/full
http://onlinelibrary.wiley.com/doi/10.1002/da.22077/full
http://onlinelibrary.wiley.com/doi/10.1002/da.22078/full
http://onlinelibrary.wiley.com/doi/10.1002/da.22084/full
http://onlinelibrary.wiley.com/doi/10.1002/da.22087/full
http://onlinelibrary.wiley.com/doi/10.1002/da.22091/full
http://onlinelibrary.wiley.com/doi/10.1002/da.22092/full
http://onlinelibrary.wiley.com/doi/10.1002/da.22095/full
http://onlinelibrary.wiley.com/doi/10.1002/da.22110/full
http://onlinelibrary.wiley.com/doi/10.1002/da.22006/full
http://onlinelibrary.wiley.com/doi/10.1002/da.22007/full
http://onlinelibrary.wiley.com/doi/10.1002/da.22023/full
http://onlinelibrary.wiley.com/doi/10.1002/da.22034/full
http://onlinelibrary.wiley.com/doi/10.1002/da.22048/full
http://onlinelibrary.wiley.com/doi/10.1002/da.22054/full
http://onlinelibrary.wiley.com/doi/10.1002/da.22081/full
http://onlinelibrary.wiley.com/doi/10.1002/da.22083/full
http://onlinelibrary.wiley.com/doi/10.1002/da.22090/full
http://onlinelibrary.wiley.com/doi/10.1002/da.22096/full
http://onlinelibrary.wiley.com/doi/10.1002/da.22115/full
http://onlinelibrary.wiley.com/doi/10.1002/da.22121/full
http://onlinelibrary.wiley.com/doi/10.1002/da.22040/full
http://onlinelibrary.wiley.com/doi/10.1002/da.22041/full
http://onlinelibrary.wiley.com/doi/10.1002/da.22057/full
http://onlinelibrary.wiley.com/doi/10.1002/da.22063/full
http://onlinelibrary.wiley.com/doi/10.1002/da.22073/full
http://onlinelibrary.wiley.com/doi/10.1002/da.22082/full
http://onlinelibrary.wiley.com/doi/10.1002/da.22085/full
http://onlinelibrary.wiley.com/doi/10.1002/da.22098/full
http://onlinelibrary.wiley.com/doi/10.1002/da.22101/full
http://onlinelibrary.wiley.com/doi/10.1002/da.22108/full
http://onlinelibrary.wiley.com/doi/10.1002/da.22111/full
http://onlinelibrary.wiley.com/doi/10.1002/da.22122/full
http://onlinelibrary.wiley.com/doi/10.1002/da.22045/full
http://onlinelibrary.wiley.com/doi/10.1002/da.22047/full
http://onlinelibrary.wiley.com/doi/10.1002/da.22050/full
http://onlinelibrary.wiley.com/doi/10.1002/da.22052/full
http://onlinelibrary.wiley.com/doi/10.1002/da.22060/full
http://onlinelibrary.wiley.com/doi/10.1002/da.22079/full
http://onlinelibrary.wiley.com/doi/10.1002/da.22104/full
http://onlinelibrary.wiley.com/doi/10.1002/da.22106/full
http://onlinelibrary.wiley.com/doi/10.1002/da.22112/full
http://onlinelibrary.wiley.com/doi/10.1002/da.22119/full
http://onlinelibrary.wiley.com/doi/10.1002/da.22124/full
http://onlinelibrary.wiley.com/doi/10.1002/da.22013/full
http://onlinelibrary.wiley.com/doi/10.1002/da.22053/full
http://onlinelibrary.wiley.com/doi/10.1002/da.22059/full
http://onlinelibrary.wiley.com/doi/10.1002/da.22067/full
http://onlinelibrary.wiley.com/doi/10.1002/da.22080/full
http://onlinelibrary.wiley.com/doi/10.1002/da.22097/full
http://onlinelibrary.wiley.com/doi/10.1002/da.22100/full
http://onlinelibrary.wiley.com/doi/10.1002/da.22103/full
http://onlinelibrary.wiley.com/doi/10.1002/da.22123/full
http://onlinelibrary.wiley.com/doi/10.1002/da.22132/full
http://onlinelibrary.wiley.com/doi/10.1002/da.22146/full
http://onlinelibrary.wiley.com/doi/10.1002/da.22055/full
http://onlinelibrary.wiley.com/doi/10.1002/da.22064/full
http://onlinelibrary.wiley.com/doi/10.1002/da.22065/full
http://onlinelibrary.wiley.com/doi/10.1002/da.22089/full
http://onlinelibrary.wiley.com/doi/10.1002/da.22094/full
http://onlinelibrary.wiley.com/doi/10.1002/da.22099/full
http://onlinelibrary.wiley.com/doi/10.1002/da.22109/full
http://onlinelibrary.wiley.com/doi/10.1002/da.22116/full
http://onlinelibrary.wiley.com/doi/10.1002/da.22118/full
http://onlinelibrary.wiley.com/doi/10.1002/da.22120/full
http://onlinelibrary.wiley.com/doi/10.1002/da.22127/full
http://onlinelibrary.wiley.com/doi/10.1002/da.22171/full
http://onlinelibrary.wiley.com/doi/10.1002/da.22240/full
http://onlinelibrary.wiley.com/doi/10.1002/da.22267/full
http://onlinelibrary.wiley.com/doi/10.1002/da.22269/full
http://onlinelibrary.wiley.com/doi/10.1002/da.22275/full
http://onlinelibrary.wiley.com/doi/10.1002/da.22288/full
http://onlinelibrary.wiley.com/doi/10.1002/da.22316/full
http://onlinelibrary.wiley.com/doi/10.1002/da.22317/full
http://onlinelibrary.wiley.com/doi/10.1002/da.22324/full
http://onlinelibrary.wiley.com/doi/10.1002/da.22343/full
http://onlinelibrary.wiley.com/doi/10.1002/da.22125/full
http://onlinelibrary.wiley.com/doi/10.1002/da.22131/full
http://onlinelibrary.wiley.com/doi/10.1002/da.22140/full
http://onlinelibrary.wiley.com/doi/10.1002/da.22172/full
http://onlinelibrary.wiley.com/doi/10.1002/da.22173/full
http://onlinelibrary.wiley.com/doi/10.1002/da.22174/full
http://onlinelibrary.wiley.com/doi/10.1002/da.22177/full
http://onlinelibrary.wiley.com/doi/10.1002/da.22194/full
http://onlinelibrary.wiley.com/doi/10.1002/da.22197/full
http://onlinelibrary.wiley.com/doi/10.1002/da.22198/full
http://onlinelibrary.wiley.com/doi/10.1002/da.22210/full
http://onlinelibrary.wiley.com/doi/10.1002/da.22229/full
http://onlinelibrary.wiley.com/doi/10.1002/da.22243/full
http://onlinelibrary.wiley.com/doi/10.1002/da.22265/full
http://onlinelibrary.wiley.com/doi/10.1002/da.22271/full
http://onlinelibrary.wiley.com/doi/10.1002/da.22278/full
http://onlinelibrary.wiley.com/doi/10.1002/da.22284/full
http://onlinelibrary.wiley.com/doi/10.1002/da.22289/full
http://onlinelibrary.wiley.com/doi/10.1002/da.22291/full
http://onlinelibrary.wiley.com/doi/10.1002/da.22298/full
http://onlinelibrary.wiley.com/doi/10.1002/da.22244/full
http://onlinelibrary.wiley.com/doi/10.1002/da.22299/full
http://onlinelibrary.wiley.com/doi/10.1002/da.22300/full
http://onlinelibrary.wiley.com/doi/10.1002/da.22301/full
http://onlinelibrary.wiley.com/doi/10.1002/da.22302/full
http://onlinelibrary.wiley.com/doi/10.1002/da.22303/full
http://onlinelibrary.wiley.com/doi/10.1002/da.22321/full
http://onlinelibrary.wiley.com/doi/10.1002/da.22322/full
http://onlinelibrary.wiley.com/doi/10.1002/da.22323/full
http://onlinelibrary.wiley.com/doi/10.1002/da.22325/full
http://onlinelibrary.wiley.com/doi/10.1002/da.22328/full
http://onlinelibrary.wiley.com/doi/10.1002/da.22168/full
http://onlinelibrary.wiley.com/doi/10.1002/da.22200/full
http://onlinelibrary.wiley.com/doi/10.1002/da.22212/full
http://onlinelibrary.wiley.com/doi/10.1002/da.22222/full
http://onlinelibrary.wiley.com/doi/10.1002/da.22234/full
http://onlinelibrary.wiley.com/doi/10.1002/da.22241/full
http://onlinelibrary.wiley.com/doi/10.1002/da.22251/full
http://onlinelibrary.wiley.com/doi/10.1002/da.22330/full
http://onlinelibrary.wiley.com/doi/10.1002/da.22345/full
http://onlinelibrary.wiley.com/doi/10.1002/da.22072/full
http://onlinelibrary.wiley.com/doi/10.1002/da.22133/full
http://onlinelibrary.wiley.com/doi/10.1002/da.22148/full
http://onlinelibrary.wiley.com/doi/10.1002/da.22154/full
http://onlinelibrary.wiley.com/doi/10.1002/da.22155/full
http://onlinelibrary.wiley.com/doi/10.1002/da.22156/full
http://onlinelibrary.wiley.com/doi/10.1002/da.22157/full
http://onlinelibrary.wiley.com/doi/10.1002/da.22161/full
http://onlinelibrary.wiley.com/doi/10.1002/da.22169/full
http://onlinelibrary.wiley.com/doi/10.1002/da.22139/full
http://onlinelibrary.wiley.com/doi/10.1002/da.22142/full
http://onlinelibrary.wiley.com/doi/10.1002/da.22153/full
http://onlinelibrary.wiley.com/doi/10.1002/da.22199/full
http://onlinelibrary.wiley.com/doi/10.1002/da.22202/full
http://onlinelibrary.wiley.com/doi/10.1002/da.22208/full
http://onlinelibrary.wiley.com/doi/10.1002/da.22248/full
http://onlinelibrary.wiley.com/doi/10.1002/da.22250/full
http://onlinelibrary.wiley.com/doi/10.1002/da.22255/full
http://onlinelibrary.wiley.com/doi/10.1002/da.22257/full
http://onlinelibrary.wiley.com/doi/10.1002/da.22206/full
http://onlinelibrary.wiley.com/doi/10.1002/da.22214/full
http://onlinelibrary.wiley.com/doi/10.1002/da.22221/full
http://onlinelibrary.wiley.com/doi/10.1002/da.22224/full
http://onlinelibrary.wiley.com/doi/10.1002/da.22227/full
http://onlinelibrary.wiley.com/doi/10.1002/da.22237/full
http://onlinelibrary.wiley.com/doi/10.1002/da.22238/full
http://onlinelibrary.wiley.com/doi/10.1002/da.22252/full
http://onlinelibrary.wiley.com/doi/10.1002/da.22253/full
http://onlinelibrary.wiley.com/doi/10.1002/da.22260/full
http://onlinelibrary.wiley.com/doi/10.1002/da.22264/full
http://onlinelibrary.wiley.com/doi/10.1002/da.22175/full
http://onlinelibrary.wiley.com/doi/10.1002/da.22209/full
http://onlinelibrary.wiley.com/doi/10.1002/da.22215/full
http://onlinelibrary.wiley.com/doi/10.1002/da.22216/full
http://onlinelibrary.wiley.com/doi/10.1002/da.22219/full
http://onlinelibrary.wiley.com/doi/10.1002/da.22220/full
http://onlinelibrary.wiley.com/doi/10.1002/da.22225/full
http://onlinelibrary.wiley.com/doi/10.1002/da.22239/full
http://onlinelibrary.wiley.com/doi/10.1002/da.22246/full
http://onlinelibrary.wiley.com/doi/10.1002/da.22249/full
http://onlinelibrary.wiley.com/doi/10.1002/da.22273/full
http://onlinelibrary.wiley.com/doi/10.1002/da.22130/full
http://onlinelibrary.wiley.com/doi/10.1002/da.22162/full
http://onlinelibrary.wiley.com/doi/10.1002/da.22178/full
http://onlinelibrary.wiley.com/doi/10.1002/da.22217/full
http://onlinelibrary.wiley.com/doi/10.1002/da.22230/full
http://onlinelibrary.wiley.com/doi/10.1002/da.22231/full
http://onlinelibrary.wiley.com/doi/10.1002/da.22259/full
http://onlinelibrary.wiley.com/doi/10.1002/da.22277/full
http://onlinelibrary.wiley.com/doi/10.1002/da.22279/full
http://onlinelibrary.wiley.com/doi/10.1002/da.22145/full
http://onlinelibrary.wiley.com/doi/10.1002/da.22147/full
http://onlinelibrary.wiley.com/doi/10.1002/da.22151/full
http://onlinelibrary.wiley.com/doi/10.1002/da.22235/full
http://onlinelibrary.wiley.com/doi/10.1002/da.22254/full
http://onlinelibrary.wiley.com/doi/10.1002/da.22270/full
http://onlinelibrary.wiley.com/doi/10.1002/da.22276/full
http://onlinelibrary.wiley.com/doi/10.1002/da.22281/full
http://onlinelibrary.wiley.com/doi/10.1002/da.22282/full
http://onlinelibrary.wiley.com/doi/10.1002/da.22283/full
http://onlinelibrary.wiley.com/doi/10.1002/da.22152/full
http://onlinelibrary.wiley.com/doi/10.1002/da.22232/full
http://onlinelibrary.wiley.com/doi/10.1002/da.22236/full
http://onlinelibrary.wiley.com/doi/10.1002/da.22242/full
http://onlinelibrary.wiley.com/doi/10.1002/da.22256/full
http://onlinelibrary.wiley.com/doi/10.1002/da.22258/full
http://onlinelibrary.wiley.com/doi/10.1002/da.22263/full
http://onlinelibrary.wiley.com/doi/10.1002/da.22266/full
http://onlinelibrary.wiley.com/doi/10.1002/da.22268/full
http://onlinelibrary.wiley.com/doi/10.1002/da.22274/full
http://onlinelibrary.wiley.com/doi/10.1002/da.22292/full
http://onlinelibrary.wiley.com/doi/10.1002/da.22226/full
http://onlinelibrary.wiley.com/doi/10.1002/da.22228/full
http://onlinelibrary.wiley.com/doi/10.1002/da.22233/full
http://onlinelibrary.wiley.com/doi/10.1002/da.22247/full
http://onlinelibrary.wiley.com/doi/10.1002/da.22261/full
http://onlinelibrary.wiley.com/doi/10.1002/da.22262/full
http://onlinelibrary.wiley.com/doi/10.1002/da.22285/full
http://onlinelibrary.wiley.com/doi/10.1002/da.22286/full
http://onlinelibrary.wiley.com/doi/10.1002/da.22287/full
http://onlinelibrary.wiley.com/doi/10.1002/da.22294/full
http://onlinelibrary.wiley.com/doi/10.1002/da.22240/full
http://onlinelibrary.wiley.com/doi/10.1002/da.22267/full
http://onlinelibrary.wiley.com/doi/10.1002/da.22269/full
http://onlinelibrary.wiley.com/doi/10.1002/da.22275/full
http://onlinelibrary.wiley.com/doi/10.1002/da.22288/full
http://onlinelibrary.wiley.com/doi/10.1002/da.22316/full
http://onlinelibrary.wiley.com/doi/10.1002/da.22317/full
http://onlinelibrary.wiley.com/doi/10.1002/da.22324/full
http://onlinelibrary.wiley.com/doi/10.1002/da.22343/full
http://onlinelibrary.wiley.com/doi/10.1002/da.22240/full
http://onlinelibrary.wiley.com/doi/10.1002/da.22267/full
http://onlinelibrary.wiley.com/doi/10.1002/da.22269/full
http://onlinelibrary.wiley.com/doi/10.1002/da.22275/full
http://onlinelibrary.wiley.com/doi/10.1002/da.22288/full
http://onlinelibrary.wiley.com/doi/10.1002/da.22316/full
http://onlinelibrary.wiley.com/doi/10.1002/da.22317/full
http://onlinelibrary.wiley.com/doi/10.1002/da.22324/full
http://onlinelibrary.wiley.com/doi/10.1002/da.22343/full
http://onlinelibrary.wiley.com/doi/10.1002/da.22240/full
http://onlinelibrary.wiley.com/doi/10.1002/da.22267/full
http://onlinelibrary.wiley.com/doi/10.1002/da.22269/full
http://onlinelibrary.wiley.com/doi/10.1002/da.22275/full
http://onlinelibrary.wiley.com/doi/10.1002/da.22288/full
http://onlinelibrary.wiley.com/doi/10.1002/da.22316/full
http://onlinelibrary.wiley.com/doi/10.1002/da.22317/full
http://onlinelibrary.wiley.com/doi/10.1002/da.22324/full
http://onlinelibrary.wiley.com/doi/10.1002/da.22343/full
http://onlinelibrary.wiley.com/doi/10.1002/da.22357/full
http://onlinelibrary.wiley.com/doi/10.1002/da.22375/full
http://onlinelibrary.wiley.com/doi/10.1002/da.22387/full
http://onlinelibrary.wiley.com/doi/10.1002/da.22388/full
http://onlinelibrary.wiley.com/doi/10.1002/da.22390/full
http://onlinelibrary.wiley.com/doi/10.1002/da.22393/full
http://onlinelibrary.wiley.com/doi/10.1002/da.22394/full
http://onlinelibrary.wiley.com/doi/10.1002/da.22395/full
http://onlinelibrary.wiley.com/doi/10.1002/da.22211/full
http://onlinelibrary.wiley.com/doi/10.1002/da.22218/full
http://onlinelibrary.wiley.com/doi/10.1002/da.22245/full
http://onlinelibrary.wiley.com/doi/10.1002/da.22272/full
http://onlinelibrary.wiley.com/doi/10.1002/da.22280/full
http://onlinelibrary.wiley.com/doi/10.1002/da.22290/full
http://onlinelibrary.wiley.com/doi/10.1002/da.22320/full
http://onlinelibrary.wiley.com/doi/10.1002/da.22333/full
http://onlinelibrary.wiley.com/doi/10.1002/da.22334/full
http://onlinelibrary.wiley.com/doi/10.1002/da.22293/full
http://onlinelibrary.wiley.com/doi/10.1002/da.22327/full
http://onlinelibrary.wiley.com/doi/10.1002/da.22329/full
http://onlinelibrary.wiley.com/doi/10.1002/da.22331/full
http://onlinelibrary.wiley.com/doi/10.1002/da.22332/full
http://onlinelibrary.wiley.com/doi/10.1002/da.22335/full
http://onlinelibrary.wiley.com/doi/10.1002/da.22337/full
http://onlinelibrary.wiley.com/doi/10.1002/da.22339/full
http://onlinelibrary.wiley.com/doi/10.1002/da.22340/full
http://onlinelibrary.wiley.com/doi/10.1002/da.22296/full
http://onlinelibrary.wiley.com/doi/10.1002/da.22297/full
http://onlinelibrary.wiley.com/doi/10.1002/da.22318/full
http://onlinelibrary.wiley.com/doi/10.1002/da.22326/full
http://onlinelibrary.wiley.com/doi/10.1002/da.22338/full
http://onlinelibrary.wiley.com/doi/10.1002/da.22350/full
http://onlinelibrary.wiley.com/doi/10.1002/da.22351/full
http://onlinelibrary.wiley.com/doi/10.1002/da.22353/full
http://onlinelibrary.wiley.com/doi/10.1002/da.22319/full
http://onlinelibrary.wiley.com/doi/10.1002/da.22336/full
http://onlinelibrary.wiley.com/doi/10.1002/da.22342/full
http://onlinelibrary.wiley.com/doi/10.1002/da.22347/full
http://onlinelibrary.wiley.com/doi/10.1002/da.22348/full
http://onlinelibrary.wiley.com/doi/10.1002/da.22349/full
http://onlinelibrary.wiley.com/doi/10.1002/da.22358/full
http://onlinelibrary.wiley.com/doi/10.1002/da.22359/full
http://onlinelibrary.wiley.com/doi/10.1002/da.22372/full
http://onlinelibrary.wiley.com/doi/10.1002/da.22295/full
http://onlinelibrary.wiley.com/doi/10.1002/da.22341/full
http://onlinelibrary.wiley.com/doi/10.1002/da.22344/full
http://onlinelibrary.wiley.com/doi/10.1002/da.22352/full
http://onlinelibrary.wiley.com/doi/10.1002/da.22354/full
http://onlinelibrary.wiley.com/doi/10.1002/da.22356/full
http://onlinelibrary.wiley.com/doi/10.1002/da.22362/full
http://onlinelibrary.wiley.com/doi/10.1002/da.22363/full
http://onlinelibrary.wiley.com/doi/10.1002/da.22365/full
http://onlinelibrary.wiley.com/doi/10.1002/da.22360/full
http://onlinelibrary.wiley.com/doi/10.1002/da.22361/full
http://onlinelibrary.wiley.com/doi/10.1002/da.22364/full
http://onlinelibrary.wiley.com/doi/10.1002/da.22373/full
http://onlinelibrary.wiley.com/doi/10.1002/da.22374/full
http://onlinelibrary.wiley.com/doi/10.1002/da.22376/full
http://onlinelibrary.wiley.com/doi/10.1002/da.22379/full
http://onlinelibrary.wiley.com/doi/10.1002/da.22385/full
http://onlinelibrary.wiley.com/doi/10.1002/da.22367/full
http://onlinelibrary.wiley.com/doi/10.1002/da.22368/full
http://onlinelibrary.wiley.com/doi/10.1002/da.22369/full
http://onlinelibrary.wiley.com/doi/10.1002/da.22370/full
http://onlinelibrary.wiley.com/doi/10.1002/da.22377/full
http://onlinelibrary.wiley.com/doi/10.1002/da.22378/full
http://onlinelibrary.wiley.com/doi/10.1002/da.22384/full
http://onlinelibrary.wiley.com/doi/10.1002/da.22389/full
http://onlinelibrary.wiley.com/doi/10.1002/da.22391/full
http://onlinelibrary.wiley.com/doi/10.1002/da.22355/full
http://onlinelibrary.wiley.com/doi/10.1002/da.22381/full
http://onlinelibrary.wiley.com/doi/10.1002/da.22382/full
http://onlinelibrary.wiley.com/doi/10.1002/da.22383/full
http://onlinelibrary.wiley.com/doi/10.1002/da.22386/full
http://onlinelibrary.wiley.com/doi/10.1002/da.22392/full
http://onlinelibrary.wiley.com/doi/10.1002/da.22401/full
http://onlinelibrary.wiley.com/doi/10.1002/da.22403/full
